{"stats":{"minecraft:killed_by":{"minecraft:iron_golem":1,"minecraft:skeleton":1},"minecraft:mined":{"minecraft:dark_oak_planks":1,"minecraft:large_amethyst_bud":2,"minecraft:white_bed":2,"minecraft:glow_lichen":2,"minecraft:granite":48,"minecraft:budding_amethyst":8,"minecraft:grass_block":98,"minecraft:light_gray_bed":2,"minecraft:moss_block":6,"minecraft:sandstone":28,"minecraft:rooted_dirt":9,"minecraft:hay_block":1,"minecraft:furnace":1,"minecraft:iron_ore":12,"minecraft:cobbled_deepslate":2,"minecraft:fire":13,"minecraft:andesite":13,"minecraft:deepslate_lapis_ore":15,"minecraft:cobblestone_slab":4,"minecraft:deepslate_iron_ore":19,"minecraft:dirt_path":4,"minecraft:rail":26,"minecraft:small_amethyst_bud":2,"minecraft:stone":284,"minecraft:deepslate_redstone_ore":9,"minecraft:amethyst_cluster":1,"minecraft:clay":5,"minecraft:crafting_table":3,"minecraft:torch":3,"minecraft:calcite":3,"minecraft:lectern":1,"minecraft:tall_grass":29,"minecraft:cobblestone":10,"minecraft:sugar_cane":1,"minecraft:diorite":5,"minecraft:wall_torch":6,"minecraft:amethyst_block":115,"supplementaries:urn":3,"minecraft:birch_log":20,"minecraft:birch_trapdoor":6,"minecraft:birch_leaves":1,"minecraft:yellow_bed":1,"minecraft:grass":114,"minecraft:oak_log":126,"minecraft:coal_ore":33,"minecraft:sand":7,"minecraft:gravel":6,"minecraft:dirt":88,"minecraft:gold_ore":3,"meadow:umbra_bed":5,"minecraft:oak_leaves":19,"minecraft:deepslate":44},"minecraft:broken":{"minecraft:iron_shovel":1,"minecraft:stone_sword":1,"minecraft:stone_pickaxe":4,"minecraft:wooden_axe":1,"minecraft:stone_shovel":3},"minecraft:picked_up":{"minecraft:crafting_table":3,"minecraft:clay_ball":68,"minecraft:amethyst_block":117,"minecraft:string":5,"minecraft:moss_carpet":1,"minecraft:cobbled_deepslate":47,"minecraft:beef":15,"minecraft:cobblestone_slab":8,"minecraft:calcite":9,"minecraft:poppy":4,"minecraft:light_gray_wool":5,"minecraft:lectern":1,"minecraft:sugar_cane":2,"minecraft:birch_sapling":1,"minecraft:sandstone":28,"minecraft:furnace":1,"minecraft:egg":5,"minecraft:stick":6,"minecraft:raw_iron":31,"minecraft:birch_trapdoor":6,"minecraft:torch":28,"minecraft:bowl":1,"minecraft:diorite":5,"minecraft:redstone":42,"meadow:inky_wool":5,"minecraft:dark_oak_planks":1,"minecraft:rotten_flesh":16,"minecraft:arrow":10,"minecraft:light_gray_bed":2,"minecraft:peony":1,"supplementaries:antique_ink":3,"minecraft:hay_block":1,"supplementaries:ash":6,"minecraft:glow_berries":1,"minecraft:mutton":19,"minecraft:rail":26,"minecraft:white_wool":3,"minecraft:cobblestone":281,"minecraft:birch_log":20,"bakery:sandwich":1,"meadow:umbra_bed":5,"minecraft:andesite":13,"minecraft:brown_wool":1,"minecraft:leather":9,"minecraft:flint":1,"minecraft:oak_log":132,"supplementaries:flax_seeds":2,"minecraft:yellow_bed":1,"bakery:bread":3,"minecraft:gunpowder":4,"minecraft:lapis_lazuli":104,"minecraft:dirt":189,"minecraft:cooked_mutton":9,"minecraft:bone":7,"minecraft:apple":3,"farmersdelight:cooking_pot":1,"minecraft:wheat_seeds":12,"minecraft:raw_gold":3,"minecraft:iron_ingot":11,"minecraft:moss_block":8,"minecraft:flowering_azalea":1,"minecraft:oak_planks":16,"meadow:umbra_wool":3,"minecraft:gravel":5,"minecraft:amethyst_shard":4,"minecraft:sand":8,"minecraft:white_bed":2,"minecraft:spider_eye":1,"minecraft:stone_axe":1,"minecraft:granite":46,"minecraft:grass":2,"minecraft:gray_wool":1,"minecraft:bread":6,"minecraft:rooted_dirt":11,"minecraft:oak_sapling":3,"minecraft:coal":40},"minecraft:crafted":{"minecraft:wooden_sword":1,"minecraft:oak_planks":168,"minecraft:cobblestone_slab":12,"minecraft:stone_shovel":4,"minecraft:furnace":5,"minecraft:stone":7,"minecraft:cooked_mutton":19,"minecraft:oak_trapdoor":2,"minecraft:hopper":4,"meadow:umbra_bed":1,"minecraft:iron_boots":1,"minecraft:iron_axe":1,"minecraft:stone_pickaxe":6,"minecraft:chest":11,"minecraft:dark_oak_planks":20,"minecraft:birch_sign":9,"minecraft:cooked_beef":2,"minecraft:crafting_table":4,"minecraft:iron_helmet":1,"minecraft:wooden_pickaxe":1,"minecraft:iron_sword":1,"minecraft:bucket":3,"minecraft:birch_planks":48,"minecraft:stone_axe":2,"minecraft:air":0,"minecraft:light_gray_bed":1,"minecraft:oak_boat":4,"minecraft:iron_chestplate":1,"minecraft:charcoal":8,"minecraft:shield":2,"minecraft:stick":72,"minecraft:iron_ingot":50,"minecraft:iron_pickaxe":4,"minecraft:birch_trapdoor":2,"minecraft:wooden_axe":2,"minecraft:stone_sword":2,"minecraft:iron_leggings":1,"minecraft:iron_shovel":2,"minecraft:stonecutter":1,"minecraft:white_bed":1,"minecraft:torch":100,"meadow:inky_bed":1,"minecraft:shears":1},"minecraft:custom":{"minecraft:mob_kills":51,"minecraft:inspect_hopper":1,"minecraft:interact_with_crafting_table":53,"minecraft:leave_game":3,"minecraft:time_since_death":26386,"minecraft:climb_one_cm":155,"minecraft:sprint_one_cm":305574,"minecraft:walk_one_cm":574090,"minecraft:damage_blocked_by_shield":695,"minecraft:drop":51,"minecraft:talked_to_villager":3,"minecraft:play_time":235133,"minecraft:deaths":2,"minecraft:sneak_time":4546,"minecraft:walk_under_water_one_cm":5261,"minecraft:boat_one_cm":6030,"minecraft:jump":2163,"minecraft:walk_on_water_one_cm":42851,"minecraft:total_world_time":235133,"minecraft:interact_with_furnace":73,"minecraft:interact_with_stonecutter":2,"minecraft:sleep_in_bed":6,"minecraft:time_since_rest":20800,"minecraft:damage_taken":1467,"minecraft:damage_dealt":7882,"minecraft:swim_one_cm":21802,"minecraft:fly_one_cm":679562,"minecraft:open_chest":96,"minecraft:crouch_one_cm":8318,"minecraft:fall_one_cm":37024},"minecraft:dropped":{"minecraft:iron_ingot":8,"minecraft:bread":2,"minecraft:moss_block":6,"minecraft:lapis_lazuli":7,"minecraft:glow_berries":1,"minecraft:cobblestone":8,"minecraft:granite":9,"minecraft:coal":18,"minecraft:flint":1,"minecraft:stick":4,"minecraft:dirt":2,"minecraft:diorite":1,"minecraft:torch":40,"farmersdelight:cooking_pot":1,"minecraft:flowering_azalea":1,"minecraft:iron_pickaxe":1,"minecraft:string":1,"minecraft:bucket":1,"minecraft:gravel":4,"minecraft:moss_carpet":1,"minecraft:stone_axe":3,"minecraft:stone_sword":1,"minecraft:cobbled_deepslate":5,"minecraft:raw_iron":6,"minecraft:stone_shovel":1,"minecraft:rotten_flesh":3,"minecraft:clay_ball":68,"minecraft:oak_planks":16,"minecraft:cooked_mutton":15,"supplementaries:antique_ink":3,"minecraft:poppy":4,"supplementaries:ash":6,"minecraft:shield":1,"minecraft:oak_sapling":2,"minecraft:stone_pickaxe":1,"minecraft:beef":7},"minecraft:used":{"minecraft:oak_trapdoor":2,"minecraft:stone_sword":144,"minecraft:iron_shovel":384,"minecraft:stone_shovel":504,"minecraft:chest":7,"farmersdelight:stove":2,"minecraft:shield":24,"minecraft:iron_sword":21,"minecraft:rotten_flesh":5,"bakery:breadbox":2,"minecraft:torch":67,"minecraft:dirt":47,"minecraft:hopper":4,"minecraft:axolotl_bucket":1,"bakery:cabinet":2,"farmersdelight:beef_patty":2,"minecraft:dark_oak_planks":1,"bakery:cupcake_display":2,"minecraft:wooden_axe":36,"minecraft:lava_bucket":5,"chipped:fancy_leaded_glass":5,"chipped:glassblower":1,"minecraft:birch_trapdoor":7,"minecraft:hay_block":1,"minecraft:furnace":6,"farmersdelight:cooking_pot":1,"bakery:baker_station":1,"minecraft:cooked_beef":2,"minecraft:cobbled_deepslate":1,"minecraft:light_gray_bed":3,"bakery:granite_stove":2,"minecraft:cooked_mutton":13,"minecraft:water_bucket":23,"farmersdelight:skillet":1,"minecraft:stone_pickaxe":526,"chipped:arched_leaded_glass_pillar":6,"minecraft:wooden_pickaxe":58,"beautify:botanist_workbench":2,"beautify:hanging_pot":4,"minecraft:stonecutter":1,"minecraft:cobblestone_slab":232,"bakery:sandwich":1,"minecraft:crafting_table":7,"minecraft:birch_sign":8,"bakery:kitchen_sink":1,"minecraft:white_bed":3,"bakery:drawer":2,"minecraft:shears":2,"bakery:bread":6,"minecraft:apple":1,"meadow:inky_bed":1,"bakery:wall_cabinet":3,"minecraft:bread":2,"minecraft:iron_pickaxe":170,"minecraft:lectern":1,"minecraft:stone_axe":168,"bakery:tray":2,"minecraft:wooden_sword":14,"meadow:umbra_bed":5,"minecraft:cobblestone":95,"bakery:brick_counter":5,"bakery:brick_stove":1,"minecraft:bucket":31,"minecraft:yellow_bed":1,"minecraft:oak_boat":1},"minecraft:killed":{"minecraft:spider":4,"minecraft:skeleton":8,"minecraft:drowned":1,"minecraft:iron_golem":1,"minecraft:creeper":2,"minecraft:sheep":12,"minecraft:zombie":12,"minecraft:cow":8}},"DataVersion":3465}