{"stats":{"minecraft:killed_by":{"minecraft:iron_golem":1,"minecraft:skeleton":1},"minecraft:mined":{"minecraft:dark_oak_planks":1,"minecraft:large_amethyst_bud":2,"minecraft:white_bed":6,"minecraft:farmland":2,"farmersdelight:tomato_crate":1,"minecraft:obsidian":23,"minecraft:granite":48,"minecraft:budding_amethyst":8,"minecraft:grass_block":109,"minecraft:light_gray_bed":2,"minecraft:composter":7,"minecraft:oak_wall_sign":1,"minecraft:magma_block":2,"minecraft:iron_ore":12,"minecraft:fire":35,"minecraft:cobbled_deepslate":5,"minecraft:anvil":2,"minecraft:deepslate_lapis_ore":15,"minecraft:pointed_dripstone":1,"minecraft:dirt_path":5,"minecraft:small_amethyst_bud":2,"minecraft:birch_wall_sign":1,"minecraft:green_bed":3,"minecraft:deepslate_redstone_ore":44,"farmersdelight:potato_crate":1,"minecraft:amethyst_cluster":1,"minecraft:clay":5,"minecraft:torch":3,"farmersdelight:cabbage_crate":1,"minecraft:calcite":3,"minecraft:chest":13,"minecraft:cobblestone":12,"minecraft:sugar_cane":3,"minecraft:wall_torch":9,"minecraft:amethyst_block":115,"minecraft:birch_log":20,"minecraft:wheat":4,"minecraft:birch_trapdoor":7,"minecraft:grass":124,"minecraft:oak_log":333,"minecraft:sand":7,"minecraft:dirt":120,"minecraft:netherrack":11,"minecraft:oak_leaves":34,"meadow:umbra_bed":5,"minecraft:deepslate":239,"minecraft:tuff":98,"minecraft:deepslate_diamond_ore":8,"meadow:inky_bed":3,"minecraft:glow_lichen":2,"minecraft:moss_block":6,"minecraft:sandstone":28,"minecraft:rooted_dirt":12,"minecraft:hay_block":1,"minecraft:furnace":1,"minecraft:carrots":12,"minecraft:andesite":13,"minecraft:deepslate_iron_ore":19,"minecraft:cobblestone_slab":4,"minecraft:rail":35,"minecraft:stone":291,"sophisticatedbackpacks:backpack":1,"minecraft:oak_slab":2,"minecraft:stone_brick_slab":1,"minecraft:oak_fence":10,"minecraft:crafting_table":3,"minecraft:lectern":1,"minecraft:tall_grass":29,"minecraft:deepslate_gold_ore":1,"minecraft:diorite":7,"supplementaries:urn":7,"minecraft:birch_leaves":1,"minecraft:yellow_bed":7,"minecraft:coal_ore":33,"minecraft:gravel":7,"minecraft:cobweb":89,"minecraft:stone_bricks":1,"minecraft:gold_ore":3},"minecraft:broken":{"minecraft:iron_shovel":1,"minecraft:stone_pickaxe":4,"minecraft:wooden_axe":1,"minecraft:stone_shovel":3,"minecraft:stone_sword":1,"minecraft:iron_pickaxe":2},"minecraft:picked_up":{"farmersdelight:cabbage_rolls":1,"vinery:red_grape":1,"minecraft:anvil":2,"minecraft:potion":1,"minecraft:amethyst_block":123,"minecraft:string":16,"minecraft:raw_copper":34,"minecraft:zombie_head":1,"minecraft:oak_sign":3,"minecraft:cobbled_deepslate":247,"minecraft:cobblestone_slab":8,"minecraft:calcite":9,"minecraft:furnace":1,"minecraft:stick":8,"farmersdelight:potato_crate":1,"minecraft:composter":7,"minecraft:birch_trapdoor":7,"minecraft:oak_fence":12,"minecraft:torch":38,"minecraft:green_bed":3,"minecraft:porkchop":2,"minecraft:pointed_dripstone":1,"minecraft:diorite":8,"farmersdelight:tomato_crate":1,"minecraft:light_gray_bed":2,"minecraft:rotten_flesh":22,"supplementaries:antique_ink":3,"supplementaries:ash":19,"minecraft:obsidian":24,"chipped:flat_calcite_tiles":1,"minecraft:cobblestone":289,"minecraft:birch_log":20,"bakery:sandwich":5,"minecraft:magma_block":1,"meadow:umbra_bed":5,"minecraft:feather":3,"minecraft:andesite":13,"minecraft:brown_wool":2,"minecraft:potato":17,"minecraft:flint":1,"minecraft:tuff":134,"supplementaries:flax_seeds":2,"bakery:bread":3,"farmersdelight:tomato":2,"minecraft:dirt":260,"minecraft:lapis_lazuli":104,"minecraft:glass":5,"minecraft:bone":59,"minecraft:bow":1,"minecraft:wheat_seeds":72,"minecraft:raw_gold":4,"minecraft:moss_block":8,"minecraft:oak_planks":17,"meadow:umbra_wool":3,"minecraft:sand":16,"minecraft:bundle":1,"minecraft:diamond":51,"minecraft:granite":46,"minecraft:bone_meal":9,"minecraft:grass":2,"minecraft:golden_apple":1,"minecraft:bread":6,"minecraft:emerald":2,"minecraft:rooted_dirt":14,"minecraft:oak_sapling":3,"minecraft:netherrack":9,"minecraft:bricks":1,"minecraft:diamond_pickaxe":1,"minecraft:crafting_table":3,"minecraft:allium":2,"minecraft:azure_bluet":1,"minecraft:chicken":1,"minecraft:clay_ball":106,"minecraft:chain":1,"farmersdelight:mutton_wrap":1,"minecraft:moss_carpet":1,"supplementaries:bomb":2,"meadow:inky_bed":3,"minecraft:beef":15,"vinery:cherry":1,"minecraft:chest":15,"minecraft:birch_sapling":1,"minecraft:poppy":4,"minecraft:light_gray_wool":8,"minecraft:lectern":1,"minecraft:sugar_cane":5,"minecraft:egg":14,"minecraft:raw_iron":31,"minecraft:sandstone":28,"farmersdelight:cabbage_crate":1,"minecraft:bowl":3,"beautify:lamp_candelabra":1,"sophisticatedbackpacks:backpack":1,"farmersdelight:tomato_seeds":1,"minecraft:carrot":35,"minecraft:redstone":194,"meadow:inky_wool":5,"minecraft:dark_oak_planks":29,"minecraft:arrow":16,"minecraft:peony":1,"beautify:botanist_workbench":1,"minecraft:shears":1,"minecraft:hay_block":1,"farmersdelight:hamburger":1,"minecraft:glow_berries":1,"minecraft:mutton":19,"minecraft:white_wool":3,"minecraft:rail":35,"minecraft:leather":9,"minecraft:oak_log":339,"minecraft:yellow_bed":7,"minecraft:gunpowder":8,"minecraft:cooked_mutton":9,"minecraft:apple":3,"minecraft:stone_bricks":1,"farmersdelight:cooking_pot":1,"minecraft:iron_ingot":11,"minecraft:cobweb":127,"minecraft:flowering_azalea":1,"minecraft:oak_slab":2,"minecraft:stone_brick_slab":1,"minecraft:dandelion":3,"minecraft:gravel":7,"minecraft:amethyst_shard":8,"minecraft:white_bed":5,"minecraft:spider_eye":4,"mcwfences:oak_horse_fence":3,"minecraft:stone_axe":1,"minecraft:birch_sign":2,"minecraft:gray_wool":1,"minecraft:coal":40},"minecraft:crafted":{"minecraft:oak_planks":480,"minecraft:cobblestone_slab":12,"minecraft:oak_sign":9,"minecraft:cooked_chicken":1,"minecraft:stone":7,"minecraft:cooked_mutton":19,"minecraft:glass":35,"minecraft:hopper":6,"meadow:umbra_bed":1,"minecraft:iron_boots":1,"minecraft:chest":31,"minecraft:oak_fence":60,"minecraft:oak_slab":24,"minecraft:cooked_porkchop":2,"minecraft:crafting_table":6,"minecraft:wooden_pickaxe":1,"minecraft:iron_helmet":1,"minecraft:birch_planks":48,"minecraft:light_gray_bed":1,"minecraft:dispenser":1,"minecraft:iron_chestplate":1,"minecraft:charcoal":8,"minecraft:shield":2,"minecraft:stick":136,"minecraft:iron_ingot":50,"minecraft:iron_pickaxe":4,"minecraft:iron_block":3,"minecraft:stone_sword":2,"minecraft:redstone_torch":2,"minecraft:light_gray_carpet":3,"minecraft:composter":2,"meadow:inky_bed":1,"minecraft:shears":2,"minecraft:wooden_sword":1,"minecraft:stone_shovel":4,"minecraft:fishing_rod":2,"minecraft:furnace":5,"minecraft:bone_meal":9,"minecraft:oak_trapdoor":4,"minecraft:iron_axe":1,"minecraft:iron_hoe":2,"minecraft:stone_pickaxe":6,"minecraft:dark_oak_planks":20,"minecraft:birch_sign":9,"minecraft:cooked_beef":2,"minecraft:diamond_sword":2,"minecraft:iron_sword":1,"minecraft:bucket":4,"minecraft:stone_axe":2,"minecraft:air":0,"minecraft:oak_boat":4,"minecraft:wooden_axe":2,"minecraft:birch_trapdoor":2,"minecraft:iron_shovel":2,"minecraft:iron_leggings":1,"minecraft:stonecutter":1,"minecraft:anvil":1,"minecraft:white_bed":1,"minecraft:torch":100},"minecraft:custom":{"minecraft:interact_with_crafting_table":97,"minecraft:leave_game":3,"minecraft:time_since_death":157005,"minecraft:sprint_one_cm":695812,"minecraft:damage_blocked_by_shield":1405,"minecraft:drop":98,"minecraft:talked_to_villager":13,"minecraft:play_time":481133,"minecraft:deaths":8,"minecraft:jump":3542,"minecraft:walk_on_water_one_cm":71514,"minecraft:interact_with_furnace":102,"minecraft:sleep_in_bed":9,"minecraft:damage_dealt":11977,"minecraft:crouch_one_cm":13975,"minecraft:mob_kills":73,"minecraft:interact_with_anvil":7,"minecraft:inspect_hopper":1,"minecraft:climb_one_cm":951,"minecraft:walk_one_cm":1200444,"minecraft:sneak_time":7252,"minecraft:walk_under_water_one_cm":5744,"minecraft:boat_one_cm":6030,"minecraft:total_world_time":481133,"minecraft:interact_with_stonecutter":3,"minecraft:time_since_rest":3988,"minecraft:damage_taken":2405,"minecraft:damage_absorbed":35,"minecraft:swim_one_cm":25386,"minecraft:fly_one_cm":892024,"minecraft:open_chest":485,"minecraft:fall_one_cm":58398},"minecraft:dropped":{"minecraft:iron_sword":2,"minecraft:moss_block":8,"minecraft:lapis_lazuli":7,"minecraft:glass_bottle":1,"minecraft:diamond":8,"minecraft:glow_berries":1,"minecraft:rooted_dirt":6,"minecraft:leather":9,"minecraft:flint":1,"minecraft:dirt":2,"minecraft:sand":8,"minecraft:iron_pickaxe":1,"minecraft:dark_oak_planks":16,"minecraft:fishing_rod":1,"minecraft:gravel":5,"minecraft:stone_axe":3,"minecraft:cobbled_deepslate":5,"minecraft:rotten_flesh":5,"minecraft:oak_planks":19,"minecraft:cooked_mutton":15,"supplementaries:antique_ink":3,"minecraft:poppy":4,"supplementaries:ash":11,"minecraft:gunpowder":3,"minecraft:chest":1,"minecraft:arrow":4,"minecraft:beef":7,"minecraft:iron_ingot":12,"minecraft:bread":6,"minecraft:oak_fence":7,"minecraft:feather":1,"minecraft:cobblestone":8,"minecraft:amethyst_block":5,"minecraft:granite":9,"minecraft:coal":18,"minecraft:stick":13,"minecraft:cobweb":63,"minecraft:diorite":2,"minecraft:torch":40,"farmersdelight:cooking_pot":1,"minecraft:brown_wool":1,"minecraft:flowering_azalea":1,"minecraft:iron_axe":1,"minecraft:iron_shovel":1,"minecraft:string":1,"minecraft:bucket":1,"minecraft:bricks":1,"minecraft:moss_carpet":1,"minecraft:stone_sword":1,"minecraft:tuff":34,"minecraft:raw_iron":6,"minecraft:stone_shovel":1,"minecraft:clay_ball":68,"minecraft:shears":2,"minecraft:diamond_sword":1,"minecraft:shield":1,"minecraft:oak_sapling":2,"minecraft:spider_eye":1,"minecraft:stone_pickaxe":2,"minecraft:calcite":3},"minecraft:used":{"minecraft:iron_shovel":416,"minecraft:oak_sign":12,"minecraft:shield":53,"farmersdelight:stove":2,"minecraft:chest":38,"minecraft:iron_sword":92,"minecraft:rotten_flesh":9,"minecraft:carrot":85,"minecraft:axolotl_bucket":8,"minecraft:obsidian":17,"bakery:cupcake_display":2,"minecraft:lava_bucket":8,"farmersdelight:tomato":2,"minecraft:birch_trapdoor":9,"minecraft:magma_block":1,"minecraft:hay_block":1,"minecraft:furnace":6,"minecraft:egg":6,"farmersdelight:hamburger":1,"minecraft:diorite":1,"minecraft:stone_pickaxe":526,"minecraft:oak_planks":5,"chipped:arched_leaded_glass_pillar":6,"minecraft:wooden_pickaxe":58,"beautify:botanist_workbench":2,"minecraft:composter":8,"beautify:hanging_pot":4,"minecraft:sugar_cane":3,"bakery:sandwich":5,"minecraft:golden_apple":1,"bakery:kitchen_sink":1,"bakery:drawer":2,"minecraft:shears":89,"bakery:bread":6,"bakery:wall_cabinet":3,"minecraft:bread":14,"minecraft:lectern":1,"minecraft:diamond_sword":14,"minecraft:wooden_sword":14,"bakery:brick_counter":5,"minecraft:oak_boat":1,"minecraft:bone_meal":16,"minecraft:oak_fence":65,"minecraft:oak_trapdoor":4,"minecraft:stone_sword":144,"minecraft:flint_and_steel":11,"minecraft:stone_shovel":504,"minecraft:light_gray_carpet":3,"minecraft:cooked_chicken":1,"bakery:breadbox":2,"minecraft:netherrack":3,"minecraft:torch":136,"minecraft:dirt":144,"minecraft:anvil":3,"minecraft:hopper":4,"bakery:cabinet":2,"farmersdelight:beef_patty":2,"minecraft:iron_hoe":101,"minecraft:wooden_axe":36,"minecraft:dark_oak_planks":1,"chipped:fancy_leaded_glass":5,"chipped:glassblower":1,"minecraft:iron_axe":242,"minecraft:rooted_dirt":8,"farmersdelight:cooking_pot":1,"bakery:baker_station":1,"minecraft:cooked_beef":2,"farmersdelight:tomato_seeds":1,"minecraft:cobbled_deepslate":16,"minecraft:light_gray_bed":3,"bakery:granite_stove":2,"minecraft:wheat_seeds":19,"minecraft:cooked_mutton":13,"farmersdelight:mutton_wrap":1,"minecraft:water_bucket":95,"farmersdelight:skillet":1,"minecraft:green_bed":3,"minecraft:stonecutter":1,"minecraft:cobblestone_slab":232,"minecraft:oak_slab":5,"minecraft:crafting_table":9,"minecraft:birch_sign":10,"minecraft:white_bed":6,"minecraft:oak_log":6,"minecraft:diamond_pickaxe":78,"minecraft:apple":6,"meadow:inky_bed":4,"minecraft:iron_pickaxe":526,"minecraft:stone_axe":168,"bakery:tray":2,"minecraft:cobblestone":96,"minecraft:potion":1,"meadow:umbra_bed":6,"bakery:brick_stove":1,"minecraft:bucket":113,"minecraft:yellow_bed":7},"minecraft:killed":{"minecraft:cave_spider":2,"minecraft:spider":5,"minecraft:skeleton":13,"minecraft:chicken":1,"minecraft:pig":1,"minecraft:iron_golem":1,"minecraft:creeper":5,"minecraft:sheep":12,"minecraft:zombie":21,"minecraft:cow":8,"minecraft:drowned":1}},"DataVersion":3465}