{"stats":{"minecraft:killed_by":{"minecraft:iron_golem":1,"minecraft:skeleton":1},"minecraft:mined":{"minecraft:dark_oak_planks":1,"minecraft:white_bed":2,"minecraft:glow_lichen":2,"minecraft:granite":39,"minecraft:budding_amethyst":7,"minecraft:grass_block":96,"minecraft:light_gray_bed":2,"minecraft:hay_block":1,"minecraft:furnace":1,"minecraft:iron_ore":12,"minecraft:cobbled_deepslate":1,"minecraft:fire":9,"minecraft:andesite":13,"minecraft:deepslate_lapis_ore":11,"minecraft:cobblestone_slab":4,"minecraft:deepslate_iron_ore":13,"minecraft:dirt_path":3,"minecraft:rail":26,"minecraft:small_amethyst_bud":1,"minecraft:stone":282,"minecraft:deepslate_redstone_ore":6,"minecraft:crafting_table":3,"minecraft:torch":3,"minecraft:calcite":3,"minecraft:lectern":1,"minecraft:tall_grass":24,"minecraft:cobblestone":10,"minecraft:sugar_cane":1,"minecraft:diorite":4,"minecraft:wall_torch":5,"minecraft:amethyst_block":114,"supplementaries:urn":1,"minecraft:birch_log":20,"minecraft:birch_trapdoor":6,"minecraft:birch_leaves":1,"minecraft:yellow_bed":1,"minecraft:grass":83,"minecraft:oak_log":126,"minecraft:coal_ore":25,"minecraft:gravel":1,"minecraft:dirt":88,"minecraft:gold_ore":3,"meadow:umbra_bed":5,"minecraft:oak_leaves":19,"minecraft:deepslate":28},"minecraft:broken":{"minecraft:stone_sword":1,"minecraft:stone_pickaxe":4,"minecraft:wooden_axe":1,"minecraft:stone_shovel":3},"minecraft:picked_up":{"minecraft:crafting_table":3,"minecraft:amethyst_block":112,"minecraft:string":3,"minecraft:cobbled_deepslate":28,"minecraft:beef":15,"minecraft:cobblestone_slab":8,"minecraft:calcite":6,"minecraft:poppy":2,"minecraft:light_gray_wool":5,"minecraft:lectern":1,"minecraft:sugar_cane":2,"minecraft:birch_sapling":1,"minecraft:furnace":1,"minecraft:egg":5,"minecraft:stick":6,"minecraft:raw_iron":25,"minecraft:birch_trapdoor":6,"minecraft:torch":26,"minecraft:bowl":1,"minecraft:diorite":4,"minecraft:redstone":27,"meadow:inky_wool":5,"minecraft:dark_oak_planks":1,"minecraft:rotten_flesh":13,"minecraft:arrow":10,"minecraft:light_gray_bed":2,"minecraft:peony":1,"minecraft:hay_block":1,"minecraft:mutton":19,"minecraft:rail":26,"minecraft:white_wool":3,"minecraft:cobblestone":278,"minecraft:birch_log":20,"bakery:sandwich":1,"meadow:umbra_bed":5,"minecraft:andesite":13,"minecraft:brown_wool":1,"minecraft:leather":9,"minecraft:oak_log":132,"minecraft:yellow_bed":1,"bakery:bread":3,"minecraft:gunpowder":4,"minecraft:lapis_lazuli":64,"minecraft:dirt":184,"minecraft:cooked_mutton":9,"minecraft:bone":7,"minecraft:apple":3,"farmersdelight:cooking_pot":1,"minecraft:wheat_seeds":10,"minecraft:raw_gold":3,"minecraft:iron_ingot":11,"minecraft:oak_planks":16,"meadow:umbra_wool":3,"minecraft:gravel":1,"minecraft:white_bed":2,"minecraft:stone_axe":1,"minecraft:granite":37,"minecraft:grass":2,"minecraft:gray_wool":1,"minecraft:bread":6,"minecraft:oak_sapling":3,"minecraft:coal":33},"minecraft:crafted":{"minecraft:wooden_sword":1,"minecraft:oak_planks":168,"minecraft:cobblestone_slab":12,"minecraft:stone_shovel":4,"minecraft:furnace":5,"minecraft:stone":7,"minecraft:cooked_mutton":19,"minecraft:oak_trapdoor":2,"minecraft:hopper":4,"meadow:umbra_bed":1,"minecraft:iron_axe":1,"minecraft:stone_pickaxe":6,"minecraft:chest":11,"minecraft:dark_oak_planks":16,"minecraft:birch_sign":9,"minecraft:cooked_beef":2,"minecraft:crafting_table":4,"minecraft:wooden_pickaxe":1,"minecraft:iron_sword":1,"minecraft:bucket":3,"minecraft:birch_planks":48,"minecraft:stone_axe":2,"minecraft:air":0,"minecraft:light_gray_bed":1,"minecraft:oak_boat":4,"minecraft:charcoal":5,"minecraft:shield":2,"minecraft:stick":64,"minecraft:iron_ingot":50,"minecraft:iron_pickaxe":4,"minecraft:birch_trapdoor":2,"minecraft:wooden_axe":2,"minecraft:stone_sword":2,"minecraft:iron_shovel":1,"minecraft:stonecutter":1,"minecraft:white_bed":1,"minecraft:torch":60,"meadow:inky_bed":1,"minecraft:shears":1},"minecraft:custom":{"minecraft:mob_kills":46,"minecraft:inspect_hopper":1,"minecraft:interact_with_crafting_table":49,"minecraft:leave_game":3,"minecraft:time_since_death":2386,"minecraft:sprint_one_cm":274604,"minecraft:walk_one_cm":491388,"minecraft:damage_blocked_by_shield":695,"minecraft:drop":28,"minecraft:talked_to_villager":3,"minecraft:play_time":211133,"minecraft:deaths":2,"minecraft:sneak_time":3790,"minecraft:walk_under_water_one_cm":3879,"minecraft:boat_one_cm":6030,"minecraft:jump":1915,"minecraft:walk_on_water_one_cm":27954,"minecraft:total_world_time":211133,"minecraft:interact_with_furnace":62,"minecraft:interact_with_stonecutter":2,"minecraft:sleep_in_bed":5,"minecraft:time_since_rest":2427,"minecraft:damage_taken":1366,"minecraft:damage_dealt":7093,"minecraft:swim_one_cm":20973,"minecraft:fly_one_cm":657696,"minecraft:open_chest":85,"minecraft:crouch_one_cm":7144,"minecraft:fall_one_cm":33816},"minecraft:dropped":{"minecraft:iron_ingot":8,"minecraft:bread":2,"minecraft:coal":18,"minecraft:stick":4,"minecraft:dirt":1,"minecraft:torch":29,"farmersdelight:cooking_pot":1,"minecraft:iron_pickaxe":1,"minecraft:string":1,"minecraft:stone_axe":3,"minecraft:stone_sword":1,"minecraft:cobbled_deepslate":3,"minecraft:stone_shovel":1,"minecraft:oak_planks":16,"minecraft:cooked_mutton":15,"minecraft:shield":1,"minecraft:oak_sapling":2,"minecraft:stone_pickaxe":1,"minecraft:beef":7},"minecraft:used":{"minecraft:oak_trapdoor":2,"minecraft:stone_sword":144,"minecraft:iron_shovel":154,"minecraft:stone_shovel":504,"minecraft:chest":7,"farmersdelight:stove":2,"minecraft:shield":24,"minecraft:iron_sword":2,"minecraft:rotten_flesh":5,"bakery:breadbox":2,"minecraft:torch":50,"minecraft:dirt":42,"minecraft:hopper":4,"bakery:cabinet":2,"farmersdelight:beef_patty":2,"minecraft:dark_oak_planks":1,"bakery:cupcake_display":2,"minecraft:wooden_axe":36,"minecraft:lava_bucket":4,"chipped:fancy_leaded_glass":5,"chipped:glassblower":1,"minecraft:birch_trapdoor":7,"minecraft:hay_block":1,"minecraft:furnace":6,"farmersdelight:cooking_pot":1,"bakery:baker_station":1,"minecraft:cooked_beef":2,"minecraft:cobbled_deepslate":1,"minecraft:light_gray_bed":3,"bakery:granite_stove":2,"minecraft:cooked_mutton":13,"minecraft:water_bucket":19,"farmersdelight:skillet":1,"minecraft:stone_pickaxe":526,"chipped:arched_leaded_glass_pillar":6,"minecraft:wooden_pickaxe":58,"beautify:botanist_workbench":2,"beautify:hanging_pot":4,"minecraft:stonecutter":1,"minecraft:cobblestone_slab":232,"bakery:sandwich":1,"minecraft:crafting_table":6,"minecraft:birch_sign":8,"bakery:kitchen_sink":1,"minecraft:white_bed":3,"bakery:drawer":2,"minecraft:shears":2,"bakery:bread":6,"minecraft:apple":1,"meadow:inky_bed":1,"bakery:wall_cabinet":3,"minecraft:iron_pickaxe":76,"minecraft:lectern":1,"minecraft:stone_axe":168,"bakery:tray":2,"minecraft:wooden_sword":14,"meadow:umbra_bed":5,"minecraft:cobblestone":95,"bakery:brick_counter":5,"bakery:brick_stove":1,"minecraft:bucket":24,"minecraft:yellow_bed":1,"minecraft:oak_boat":1},"minecraft:killed":{"minecraft:spider":4,"minecraft:skeleton":8,"minecraft:drowned":1,"minecraft:iron_golem":1,"minecraft:creeper":2,"minecraft:sheep":12,"minecraft:zombie":9,"minecraft:cow":8}},"DataVersion":3465}