{"stats":{"minecraft:killed_by":{"minecraft:iron_golem":1,"minecraft:skeleton":1},"minecraft:mined":{"minecraft:dark_oak_planks":1,"minecraft:large_amethyst_bud":2,"minecraft:white_bed":2,"minecraft:obsidian":23,"minecraft:granite":48,"minecraft:budding_amethyst":8,"minecraft:grass_block":98,"minecraft:light_gray_bed":2,"minecraft:magma_block":2,"minecraft:iron_ore":12,"minecraft:fire":28,"minecraft:cobbled_deepslate":5,"minecraft:deepslate_lapis_ore":15,"minecraft:pointed_dripstone":1,"minecraft:dirt_path":4,"minecraft:small_amethyst_bud":2,"minecraft:deepslate_redstone_ore":44,"minecraft:amethyst_cluster":1,"minecraft:clay":5,"minecraft:torch":3,"minecraft:calcite":3,"minecraft:chest":9,"minecraft:cobblestone":11,"minecraft:sugar_cane":3,"minecraft:wall_torch":9,"minecraft:amethyst_block":115,"minecraft:birch_log":20,"minecraft:birch_trapdoor":6,"minecraft:grass":116,"minecraft:oak_log":332,"minecraft:sand":7,"minecraft:dirt":89,"minecraft:netherrack":11,"minecraft:oak_leaves":31,"meadow:umbra_bed":5,"minecraft:deepslate":239,"minecraft:tuff":98,"minecraft:deepslate_diamond_ore":8,"meadow:inky_bed":3,"minecraft:glow_lichen":2,"minecraft:moss_block":6,"minecraft:sandstone":28,"minecraft:rooted_dirt":12,"minecraft:hay_block":1,"minecraft:furnace":1,"minecraft:andesite":13,"minecraft:deepslate_iron_ore":19,"minecraft:cobblestone_slab":4,"minecraft:rail":35,"minecraft:stone":284,"sophisticatedbackpacks:backpack":1,"minecraft:stone_brick_slab":1,"minecraft:oak_fence":5,"minecraft:crafting_table":3,"minecraft:lectern":1,"minecraft:tall_grass":29,"minecraft:deepslate_gold_ore":1,"minecraft:diorite":5,"supplementaries:urn":7,"minecraft:birch_leaves":1,"minecraft:yellow_bed":1,"minecraft:coal_ore":33,"minecraft:gravel":6,"minecraft:cobweb":89,"minecraft:stone_bricks":1,"minecraft:gold_ore":3},"minecraft:broken":{"minecraft:iron_shovel":1,"minecraft:stone_pickaxe":4,"minecraft:wooden_axe":1,"minecraft:stone_shovel":3,"minecraft:stone_sword":1,"minecraft:iron_pickaxe":2},"minecraft:picked_up":{"minecraft:potion":1,"minecraft:amethyst_block":117,"minecraft:string":14,"minecraft:cobbled_deepslate":247,"minecraft:cobblestone_slab":8,"minecraft:calcite":9,"minecraft:furnace":1,"minecraft:stick":8,"minecraft:birch_trapdoor":6,"minecraft:oak_fence":7,"minecraft:torch":38,"minecraft:pointed_dripstone":1,"minecraft:diorite":5,"minecraft:light_gray_bed":2,"minecraft:rotten_flesh":22,"supplementaries:antique_ink":3,"supplementaries:ash":19,"minecraft:obsidian":24,"minecraft:cobblestone":282,"minecraft:birch_log":20,"bakery:sandwich":5,"minecraft:magma_block":1,"meadow:umbra_bed":5,"minecraft:andesite":13,"minecraft:brown_wool":1,"minecraft:flint":1,"minecraft:tuff":132,"supplementaries:flax_seeds":2,"bakery:bread":3,"minecraft:dirt":190,"minecraft:lapis_lazuli":104,"minecraft:bone":7,"minecraft:wheat_seeds":14,"minecraft:raw_gold":4,"minecraft:moss_block":8,"minecraft:oak_planks":17,"meadow:umbra_wool":3,"minecraft:sand":16,"minecraft:diamond":51,"minecraft:granite":46,"minecraft:grass":2,"minecraft:golden_apple":1,"minecraft:bread":6,"minecraft:emerald":2,"minecraft:rooted_dirt":14,"minecraft:oak_sapling":3,"minecraft:netherrack":9,"minecraft:diamond_pickaxe":1,"minecraft:crafting_table":3,"minecraft:clay_ball":68,"farmersdelight:mutton_wrap":1,"minecraft:moss_carpet":1,"meadow:inky_bed":3,"minecraft:beef":15,"minecraft:chest":9,"minecraft:birch_sapling":1,"minecraft:poppy":4,"minecraft:light_gray_wool":5,"minecraft:lectern":1,"minecraft:sugar_cane":5,"minecraft:egg":5,"minecraft:raw_iron":31,"minecraft:sandstone":28,"minecraft:bowl":1,"sophisticatedbackpacks:backpack":1,"minecraft:redstone":194,"meadow:inky_wool":5,"minecraft:dark_oak_planks":29,"minecraft:arrow":16,"minecraft:peony":1,"minecraft:shears":1,"minecraft:hay_block":1,"farmersdelight:hamburger":1,"minecraft:glow_berries":1,"minecraft:mutton":19,"minecraft:white_wool":3,"minecraft:rail":35,"minecraft:leather":9,"minecraft:oak_log":338,"minecraft:yellow_bed":1,"minecraft:gunpowder":7,"minecraft:cooked_mutton":9,"minecraft:apple":3,"minecraft:stone_bricks":1,"farmersdelight:cooking_pot":1,"minecraft:iron_ingot":11,"minecraft:cobweb":127,"minecraft:flowering_azalea":1,"minecraft:stone_brick_slab":1,"minecraft:gravel":5,"minecraft:amethyst_shard":4,"minecraft:white_bed":2,"minecraft:spider_eye":1,"minecraft:stone_axe":1,"minecraft:gray_wool":1,"minecraft:coal":40},"minecraft:crafted":{"minecraft:oak_planks":232,"minecraft:cobblestone_slab":12,"minecraft:stone":7,"minecraft:cooked_mutton":19,"minecraft:hopper":4,"meadow:umbra_bed":1,"minecraft:iron_boots":1,"minecraft:chest":20,"minecraft:crafting_table":5,"minecraft:wooden_pickaxe":1,"minecraft:iron_helmet":1,"minecraft:birch_planks":48,"minecraft:light_gray_bed":1,"minecraft:iron_chestplate":1,"minecraft:charcoal":8,"minecraft:shield":2,"minecraft:stick":80,"minecraft:iron_ingot":50,"minecraft:iron_pickaxe":4,"minecraft:iron_block":3,"minecraft:stone_sword":2,"meadow:inky_bed":1,"minecraft:shears":2,"minecraft:wooden_sword":1,"minecraft:stone_shovel":4,"minecraft:fishing_rod":2,"minecraft:furnace":5,"minecraft:oak_trapdoor":2,"minecraft:iron_axe":1,"minecraft:stone_pickaxe":6,"minecraft:dark_oak_planks":20,"minecraft:birch_sign":9,"minecraft:cooked_beef":2,"minecraft:diamond_sword":2,"minecraft:iron_sword":1,"minecraft:bucket":4,"minecraft:stone_axe":2,"minecraft:air":0,"minecraft:oak_boat":4,"minecraft:wooden_axe":2,"minecraft:birch_trapdoor":2,"minecraft:iron_shovel":2,"minecraft:iron_leggings":1,"minecraft:stonecutter":1,"minecraft:anvil":1,"minecraft:white_bed":1,"minecraft:torch":100},"minecraft:custom":{"minecraft:interact_with_crafting_table":69,"minecraft:leave_game":3,"minecraft:time_since_death":25005,"minecraft:sprint_one_cm":481981,"minecraft:damage_blocked_by_shield":1405,"minecraft:drop":81,"minecraft:talked_to_villager":3,"minecraft:play_time":349133,"minecraft:deaths":8,"minecraft:jump":2892,"minecraft:walk_on_water_one_cm":54873,"minecraft:interact_with_furnace":80,"minecraft:sleep_in_bed":7,"minecraft:damage_dealt":11382,"minecraft:crouch_one_cm":10783,"minecraft:mob_kills":69,"minecraft:interact_with_anvil":6,"minecraft:inspect_hopper":1,"minecraft:climb_one_cm":209,"minecraft:walk_one_cm":865869,"minecraft:sneak_time":5730,"minecraft:walk_under_water_one_cm":5459,"minecraft:boat_one_cm":6030,"minecraft:total_world_time":349133,"minecraft:interact_with_stonecutter":2,"minecraft:time_since_rest":1563,"minecraft:damage_taken":2201,"minecraft:damage_absorbed":35,"minecraft:swim_one_cm":25386,"minecraft:fly_one_cm":783207,"minecraft:open_chest":187,"minecraft:fall_one_cm":47117},"minecraft:dropped":{"minecraft:moss_block":8,"minecraft:lapis_lazuli":7,"minecraft:glass_bottle":1,"minecraft:diamond":8,"minecraft:glow_berries":1,"minecraft:rooted_dirt":6,"minecraft:leather":9,"minecraft:flint":1,"minecraft:dirt":2,"minecraft:sand":8,"minecraft:iron_pickaxe":1,"minecraft:dark_oak_planks":16,"minecraft:fishing_rod":1,"minecraft:gravel":4,"minecraft:stone_axe":3,"minecraft:cobbled_deepslate":5,"minecraft:rotten_flesh":5,"minecraft:oak_planks":16,"minecraft:cooked_mutton":15,"supplementaries:antique_ink":3,"minecraft:poppy":4,"supplementaries:ash":11,"minecraft:gunpowder":3,"minecraft:chest":1,"minecraft:arrow":4,"minecraft:beef":7,"minecraft:iron_ingot":12,"minecraft:bread":2,"minecraft:oak_fence":7,"minecraft:cobblestone":8,"minecraft:amethyst_block":5,"minecraft:granite":9,"minecraft:coal":18,"minecraft:stick":6,"minecraft:cobweb":63,"minecraft:diorite":1,"minecraft:torch":40,"farmersdelight:cooking_pot":1,"minecraft:flowering_azalea":1,"minecraft:string":1,"minecraft:bucket":1,"minecraft:moss_carpet":1,"minecraft:stone_sword":1,"minecraft:tuff":34,"minecraft:raw_iron":6,"minecraft:stone_shovel":1,"minecraft:clay_ball":68,"minecraft:shears":2,"minecraft:diamond_sword":1,"minecraft:shield":1,"minecraft:oak_sapling":2,"minecraft:spider_eye":1,"minecraft:stone_pickaxe":1,"minecraft:calcite":3},"minecraft:used":{"minecraft:iron_shovel":384,"minecraft:shield":53,"farmersdelight:stove":2,"minecraft:chest":24,"minecraft:iron_sword":92,"minecraft:rotten_flesh":9,"minecraft:axolotl_bucket":8,"minecraft:obsidian":17,"bakery:cupcake_display":2,"minecraft:lava_bucket":5,"minecraft:birch_trapdoor":7,"minecraft:magma_block":1,"minecraft:hay_block":1,"minecraft:furnace":6,"farmersdelight:hamburger":1,"minecraft:stone_pickaxe":526,"chipped:arched_leaded_glass_pillar":6,"minecraft:wooden_pickaxe":58,"beautify:botanist_workbench":2,"beautify:hanging_pot":4,"minecraft:sugar_cane":3,"bakery:sandwich":5,"minecraft:golden_apple":1,"bakery:kitchen_sink":1,"bakery:drawer":2,"minecraft:shears":89,"bakery:bread":6,"bakery:wall_cabinet":3,"minecraft:bread":7,"minecraft:lectern":1,"minecraft:diamond_sword":3,"minecraft:wooden_sword":14,"bakery:brick_counter":5,"minecraft:oak_boat":1,"minecraft:oak_trapdoor":2,"minecraft:stone_sword":144,"minecraft:flint_and_steel":11,"minecraft:stone_shovel":504,"bakery:breadbox":2,"minecraft:netherrack":3,"minecraft:torch":128,"minecraft:dirt":47,"minecraft:anvil":1,"minecraft:hopper":4,"bakery:cabinet":2,"farmersdelight:beef_patty":2,"minecraft:wooden_axe":36,"minecraft:dark_oak_planks":1,"chipped:fancy_leaded_glass":5,"chipped:glassblower":1,"minecraft:iron_axe":238,"minecraft:rooted_dirt":8,"farmersdelight:cooking_pot":1,"bakery:baker_station":1,"minecraft:cooked_beef":2,"minecraft:cobbled_deepslate":16,"minecraft:light_gray_bed":3,"bakery:granite_stove":2,"minecraft:cooked_mutton":13,"farmersdelight:mutton_wrap":1,"minecraft:water_bucket":33,"farmersdelight:skillet":1,"minecraft:stonecutter":1,"minecraft:cobblestone_slab":232,"minecraft:crafting_table":8,"minecraft:birch_sign":8,"minecraft:white_bed":3,"minecraft:oak_log":5,"minecraft:diamond_pickaxe":53,"minecraft:apple":1,"meadow:inky_bed":4,"minecraft:iron_pickaxe":526,"minecraft:stone_axe":168,"bakery:tray":2,"minecraft:cobblestone":95,"minecraft:potion":1,"meadow:umbra_bed":6,"bakery:brick_stove":1,"minecraft:bucket":49,"minecraft:yellow_bed":1},"minecraft:killed":{"minecraft:cave_spider":2,"minecraft:spider":4,"minecraft:skeleton":13,"minecraft:iron_golem":1,"minecraft:creeper":4,"minecraft:sheep":12,"minecraft:zombie":21,"minecraft:cow":8,"minecraft:drowned":1}},"DataVersion":3465}