{"stats":{"minecraft:mined":{"minecraft:dark_oak_planks":1,"minecraft:spruce_planks":1,"meadow:saxifrage":7,"vinery:dark_cherry_leaves":2,"handcrafted:calcite_corner_trim":2,"handcrafted:spruce_dining_bench":4,"minecraft:grass_block":195,"meadow:pine_log":30,"minecraft:jungle_log":1,"farmersdelight:budding_tomatoes":1,"minecraft:oxeye_daisy":1,"meadow:pine_planks":1,"minecraft:iron_ore":5,"minecraft:azure_bluet":1,"minecraft:dark_oak_stairs":6,"minecraft:dirt_path":2,"farmersdelight:wild_potatoes":2,"meadow:delphinium":3,"minecraft:deepslate_redstone_ore":4,"minecraft:amethyst_cluster":1,"minecraft:clay":3,"minecraft:torch":2,"beautify:hanging_pot":7,"vinery:red_grape_bush":1,"minecraft:calcite":125,"beautify:oak_trellis":25,"chipped:cracked_flat_calcite_tiles":7,"supplementaries:wild_flax":3,"farmersdelight:cabbages":2,"minecraft:cobblestone":1,"beautify:lamp_candelabra":2,"minecraft:wall_torch":4,"minecraft:amethyst_block":4,"minecraft:deepslate_copper_ore":4,"minecraft:chain":1,"minecraft:dark_oak_slab":24,"minecraft:grass":188,"minecraft:oak_log":18,"minecraft:sand":66,"minecraft:dirt":59,"minecraft:smooth_basalt":13,"minecraft:oak_leaves":56,"minecraft:deepslate":39,"beautify:botanist_workbench":1,"minecraft:tuff":2,"meadow:small_fir":2,"farmersdelight:onions":3,"minecraft:dark_oak_leaves":23,"farmersdelight:wild_carrots":9,"minecraft:dark_oak_log":39,"meadow:inky_bed":2,"minecraft:allium":4,"chipped:firewood_oak_log":6,"farmersdelight:wild_cabbages":1,"minecraft:spruce_leaves":3,"minecraft:rooted_dirt":9,"minecraft:hay_block":14,"farmersdelight:wild_onions":1,"minecraft:furnace":2,"minecraft:carrots":14,"farmersdelight:spruce_cabinet":3,"meadow:fire_lily":2,"meadow:eriophorum":6,"chipped:woven_dark_oak_trapdoor":4,"minecraft:potatoes":5,"minecraft:deepslate_iron_ore":20,"meadow:pine_leaves":8,"minecraft:stone":2,"farmersdelight:cooking_pot":1,"mcwfences:oak_horse_fence":3,"chipped:flat_calcite_tiles":13,"minecraft:dandelion":2,"meadow:wooden_flower_pot_small":1,"minecraft:oak_fence":1,"minecraft:crafting_table":5,"farmersdelight:straw_bale":2,"minecraft:rose_bush":1,"minecraft:copper_ore":6,"minecraft:tall_grass":15,"farmersdelight:wild_tomatoes":1,"farmersdelight:oak_cabinet":4,"mcwfurnitures:spruce_counter":2,"supplementaries:urn":19,"minecraft:coarse_dirt":2,"meadow:wooden_flower_pot_big":5,"minecraft:spruce_log":21,"decorative_blocks:spruce_support":7,"meadow:enzian":5,"farmersdelight:stove":2},"minecraft:broken":{"minecraft:stone_pickaxe":1,"minecraft:stone_axe":1,"minecraft:wooden_axe":1,"minecraft:stone_shovel":2},"minecraft:used":{"meadow:fire_lily":1,"farmersdelight:cabbage_seeds":9,"minecraft:chest":1,"farmersdelight:stove":1,"minecraft:shield":2,"mcwfurnitures:spruce_counter":5,"decorative_blocks:spruce_support":19,"minecraft:carrot":36,"minecraft:allium":4,"minecraft:azure_bluet":1,"beautify:lamp_candelabra":1,"minecraft:dark_oak_slab":78,"mcwfences:oak_highley_gate":1,"meadow:eriophorum":5,"farmersdelight:cutting_board":3,"minecraft:hay_block":7,"minecraft:furnace":1,"minecraft:egg":3,"minecraft:potato":12,"minecraft:dark_oak_stairs":26,"minecraft:stone_pickaxe":258,"chipped:screen_dark_oak_door":2,"beautify:hanging_pot":4,"bakery:sandwich":2,"minecraft:sand":3,"meadow:wooden_flower_pot_small":3,"farmersdelight:cod_roll":1,"minecraft:bread":4,"chipped:cracked_flat_calcite_tiles":48,"chipped:firewood_oak_log":18,"chipped:woven_dark_oak_trapdoor":6,"farmersdelight:spruce_cabinet":3,"meadow:enzian":4,"chipped:carpenters_table":1,"minecraft:coarse_dirt":2,"minecraft:bone_meal":13,"chipped:glass_dark_oak_door":4,"minecraft:oak_fence":1,"minecraft:rose_bush":1,"minecraft:stone_sword":41,"minecraft:stone_shovel":269,"minecraft:spruce_planks":1,"meadow:pine_sapling":1,"handcrafted:calcite_corner_trim":2,"minecraft:torch":56,"minecraft:dirt":72,"handcrafted:spruce_dining_bench":6,"mcwfences:oak_horse_fence":18,"handcrafted:spruce_table":2,"beautify:oak_trellis":27,"minecraft:iron_hoe":41,"chipped:flat_calcite_tiles":62,"minecraft:wooden_axe":59,"minecraft:dark_oak_planks":1,"farmersdelight:oak_cabinet":3,"meadow:wooden_flower_pot_big":5,"minecraft:rooted_dirt":5,"minecraft:jungle_log":1,"meadow:delphinium":2,"farmersdelight:cooking_pot":1,"minecraft:cooked_beef":4,"farmersdelight:tomato_seeds":9,"minecraft:cobbled_deepslate":31,"minecraft:calcite":2,"minecraft:wheat_seeds":2,"minecraft:cooked_mutton":1,"meadow:pine_planks":67,"farmersdelight:onion":4,"decorative_blocks:rocky_dirt":6,"minecraft:crafting_table":6,"chipped:mason_table":1,"minecraft:spruce_log":3,"minecraft:oak_log":2,"minecraft:apple":5,"meadow:inky_bed":2,"minecraft:iron_pickaxe":12,"minecraft:stone_axe":200,"vinery:cherry":2,"meadow:pine_log":8,"vinery:red_grape_seeds":2,"meadow:saxifrage":5},"minecraft:crafted":{"minecraft:brick":3,"minecraft:smooth_stone":3,"minecraft:oak_planks":60,"minecraft:stone":3,"mcwfences:oak_highley_gate":1,"minecraft:dark_oak_door":3,"minecraft:glass":6,"minecraft:iron_boots":1,"beautify:oak_trellis":4,"minecraft:chest":1,"handcrafted:calcite_corner_trim":4,"handcrafted:spruce_dining_bench":2,"chipped:mason_table":1,"minecraft:emerald":1,"minecraft:crafting_table":4,"meadow:wooden_flower_pot_small":2,"minecraft:spruce_planks":44,"minecraft:iron_helmet":1,"chipped:carpenters_table":1,"minecraft:spruce_trapdoor":6,"minecraft:dark_oak_slab":48,"decorative_blocks:spruce_support":12,"minecraft:iron_chestplate":1,"meadow:pine_planks":88,"minecraft:stick":56,"minecraft:iron_ingot":1,"vinery:red_grape_seeds":2,"minecraft:stone_shovel":2,"minecraft:blast_furnace":1,"minecraft:dark_oak_trapdoor":2,"minecraft:bone_meal":15,"minecraft:flint_and_steel":1,"minecraft:spruce_slab":24,"farmersdelight:straw":18,"minecraft:stone_pickaxe":1,"minecraft:dark_oak_planks":72,"minecraft:wheat":27,"minecraft:cooked_beef":6,"bakery:sandwich":3,"minecraft:dark_oak_stairs":20,"farmersdelight:spruce_cabinet":3,"minecraft:stone_axe":1,"minecraft:bread":9,"handcrafted:spruce_table":2,"decorative_blocks:rocky_dirt":6,"mcwfences:oak_horse_fence":18,"meadow:wooden_flower_pot_big":2,"minecraft:wooden_axe":2,"mcwfurnitures:spruce_counter":3,"minecraft:iron_leggings":1,"minecraft:torch":36},"minecraft:picked_up":{"beautify:oak_trellis":25,"vinery:red_grape":3,"handcrafted:calcite_corner_trim":2,"minecraft:amethyst_block":6,"farmersdelight:cutting_board":2,"minecraft:string":3,"minecraft:raw_copper":34,"minecraft:zombie_head":1,"meadow:saxifrage":10,"minecraft:gold_nugget":53,"minecraft:cobbled_deepslate":40,"meadow:enzian":6,"farmersdelight:cabbage":2,"minecraft:spruce_planks":3,"minecraft:rose_bush":22,"minecraft:calcite":122,"minecraft:iron_pickaxe":1,"farmersdelight:cabbage_seeds":9,"minecraft:furnace":2,"minecraft:stick":25,"minecraft:oak_fence":2,"minecraft:torch":45,"minecraft:porkchop":2,"minecraft:stone_sword":1,"farmersdelight:onion":12,"farmersdelight:oak_cabinet":4,"mcwfurnitures:spruce_counter":2,"supplementaries:ash":27,"chipped:flat_calcite_tiles":13,"minecraft:cobblestone":3,"minecraft:cooked_beef":4,"chipped:screen_dark_oak_door":1,"minecraft:jungle_log":1,"minecraft:potato":19,"minecraft:tuff":2,"supplementaries:flax_seeds":6,"minecraft:dirt":273,"minecraft:lapis_lazuli":6,"farmersdelight:tomato":12,"minecraft:bone":21,"minecraft:bow":1,"minecraft:wheat_seeds":26,"meadow:wooden_flower_pot_big":5,"chipped:glass_dark_oak_door":2,"minecraft:oak_planks":16,"beautify:hanging_pot":7,"farmersdelight:spruce_cabinet":3,"vinery:white_grape":2,"minecraft:sand":66,"chipped:firewood_oak_log":6,"minecraft:dark_oak_log":39,"minecraft:bundle":1,"minecraft:bone_meal":16,"minecraft:emerald":11,"minecraft:rooted_dirt":8,"minecraft:oak_sapling":3,"handcrafted:spruce_dining_bench":4,"minecraft:crafting_table":4,"minecraft:coarse_dirt":2,"minecraft:allium":6,"decorative_blocks:spruce_support":7,"minecraft:azure_bluet":2,"minecraft:clay_ball":12,"minecraft:chain":1,"minecraft:shield":1,"meadow:fire_lily":2,"meadow:inky_bed":2,"minecraft:beef":10,"vinery:cherry":3,"chipped:woven_dark_oak_trapdoor":4,"minecraft:egg":8,"minecraft:dark_oak_sapling":2,"minecraft:raw_iron":25,"minecraft:bowl":2,"beautify:lamp_candelabra":2,"farmersdelight:tomato_seeds":2,"minecraft:redstone":19,"minecraft:carrot":54,"minecraft:dark_oak_planks":1,"beautify:botanist_workbench":1,"minecraft:hay_block":14,"chipped:cracked_flat_calcite_tiles":7,"minecraft:oxeye_daisy":2,"farmersdelight:straw_bale":3,"minecraft:birch_planks":2,"meadow:wooden_flower_pot_small":1,"minecraft:oak_log":19,"minecraft:gunpowder":1,"meadow:pine_planks":1,"minecraft:cooked_mutton":6,"farmersdelight:cooking_pot":1,"minecraft:apple":3,"minecraft:iron_ingot":7,"meadow:pine_sapling":1,"minecraft:stone_pickaxe":1,"meadow:eriophorum":6,"minecraft:dark_oak_stairs":6,"minecraft:smooth_basalt":13,"minecraft:dark_oak_slab":34,"minecraft:dandelion":6,"minecraft:amethyst_shard":4,"minecraft:spruce_sapling":1,"minecraft:spruce_log":21,"meadow:pine_log":30,"minecraft:spider_eye":2,"farmersdelight:cabbage_leaf":4,"mcwfences:oak_horse_fence":3,"minecraft:stone_axe":2,"meadow:delphinium":3,"farmersdelight:stove":2,"minecraft:coal":9},"minecraft:dropped":{"minecraft:oak_log":7,"bakery:sandwich":1,"minecraft:dirt":23,"minecraft:bone_meal":16,"minecraft:stone_axe":2,"minecraft:oak_planks":16,"supplementaries:ash":27,"minecraft:iron_ingot":5,"minecraft:bread":4,"meadow:saxifrage":2,"minecraft:oak_fence":1,"minecraft:stick":24,"minecraft:torch":21,"minecraft:dandelion":2,"minecraft:spruce_planks":2,"minecraft:oak_sapling":1},"minecraft:custom":{"minecraft:animals_bred":1,"minecraft:interact_with_crafting_table":61,"minecraft:leave_game":1,"minecraft:time_since_death":271669,"minecraft:sprint_one_cm":296947,"minecraft:damage_blocked_by_shield":65,"minecraft:drop":41,"minecraft:talked_to_villager":10,"minecraft:play_time":271669,"minecraft:jump":1640,"minecraft:walk_on_water_one_cm":11895,"minecraft:interact_with_furnace":38,"minecraft:traded_with_villager":1,"minecraft:sleep_in_bed":8,"minecraft:damage_dealt":1447,"minecraft:crouch_one_cm":2359,"minecraft:mob_kills":8,"minecraft:climb_one_cm":3961,"minecraft:walk_one_cm":488612,"minecraft:sneak_time":2241,"minecraft:walk_under_water_one_cm":7520,"minecraft:total_world_time":271669,"minecraft:pot_flower":1,"minecraft:time_since_rest":24929,"minecraft:damage_taken":575,"minecraft:fly_one_cm":949170,"minecraft:swim_one_cm":12745,"minecraft:open_chest":82,"minecraft:fall_one_cm":35282},"minecraft:killed":{"minecraft:spider":3,"minecraft:skeleton":2,"minecraft:creeper":2,"minecraft:zombie":1}},"DataVersion":3465}