{"stats":{"minecraft:mined":{"minecraft:dark_oak_planks":1,"minecraft:spruce_planks":1,"meadow:saxifrage":7,"vinery:dark_cherry_leaves":2,"handcrafted:calcite_corner_trim":2,"handcrafted:spruce_dining_bench":4,"minecraft:grass_block":195,"meadow:pine_log":30,"minecraft:jungle_log":1,"farmersdelight:budding_tomatoes":1,"minecraft:oxeye_daisy":1,"minecraft:tall_seagrass":4,"meadow:pine_planks":1,"minecraft:iron_ore":5,"minecraft:cobbled_deepslate":1,"minecraft:deepslate_lapis_ore":5,"minecraft:azure_bluet":1,"minecraft:dark_oak_stairs":6,"minecraft:dirt_path":2,"minecraft:azalea_leaves":3,"farmersdelight:wild_potatoes":2,"meadow:delphinium":3,"minecraft:deepslate_redstone_ore":4,"minecraft:amethyst_cluster":1,"minecraft:clay":46,"minecraft:torch":2,"beautify:hanging_pot":7,"vinery:red_grape_bush":1,"minecraft:calcite":128,"chipped:cracked_flat_calcite_tiles":7,"beautify:oak_trellis":25,"supplementaries:wild_flax":3,"farmersdelight:cabbages":4,"minecraft:cobblestone":1,"minecraft:bricks":2,"beautify:lamp_candelabra":2,"minecraft:wall_torch":4,"minecraft:amethyst_block":8,"minecraft:deepslate_copper_ore":4,"minecraft:seagrass":4,"minecraft:chain":1,"minecraft:dark_oak_slab":24,"minecraft:grass":217,"minecraft:oak_log":25,"minecraft:sand":78,"minecraft:dirt":60,"minecraft:smooth_basalt":15,"minecraft:oak_leaves":56,"minecraft:deepslate":49,"beautify:botanist_workbench":1,"minecraft:tuff":2,"meadow:small_fir":2,"farmersdelight:onions":3,"minecraft:dark_oak_leaves":23,"minecraft:deepslate_diamond_ore":1,"farmersdelight:wild_carrots":9,"minecraft:dark_oak_log":39,"meadow:inky_bed":2,"minecraft:allium":4,"chipped:firewood_oak_log":6,"farmersdelight:wild_cabbages":1,"minecraft:spruce_leaves":3,"minecraft:moss_block":2,"minecraft:sandstone":28,"minecraft:rooted_dirt":66,"minecraft:hay_block":21,"farmersdelight:wild_onions":1,"minecraft:furnace":2,"minecraft:carrots":14,"farmersdelight:spruce_cabinet":3,"meadow:fire_lily":2,"meadow:eriophorum":6,"chipped:woven_dark_oak_trapdoor":4,"minecraft:potatoes":5,"minecraft:deepslate_iron_ore":20,"meadow:pine_leaves":8,"minecraft:stone":2,"farmersdelight:cooking_pot":1,"mcwfences:oak_horse_fence":3,"chipped:flat_calcite_tiles":13,"minecraft:dandelion":2,"meadow:wooden_flower_pot_small":1,"minecraft:oak_fence":1,"minecraft:smooth_sandstone":4,"minecraft:crafting_table":5,"farmersdelight:straw_bale":2,"minecraft:rose_bush":1,"minecraft:tall_grass":16,"minecraft:copper_ore":6,"farmersdelight:wild_tomatoes":1,"farmersdelight:oak_cabinet":4,"minecraft:diorite":2,"mcwfurnitures:spruce_counter":2,"supplementaries:urn":34,"minecraft:coarse_dirt":2,"meadow:wooden_flower_pot_big":5,"minecraft:spruce_log":21,"decorative_blocks:spruce_support":7,"meadow:enzian":5,"farmersdelight:stove":2},"minecraft:broken":{"minecraft:stone_pickaxe":2,"minecraft:stone_axe":1,"minecraft:wooden_axe":1,"minecraft:stone_shovel":2},"minecraft:picked_up":{"beautify:oak_trellis":25,"vinery:red_grape":5,"handcrafted:calcite_corner_trim":2,"minecraft:amethyst_block":6,"farmersdelight:cutting_board":3,"farmersdelight:apple_pie_slice":2,"minecraft:string":4,"minecraft:raw_copper":34,"minecraft:zombie_head":1,"meadow:saxifrage":10,"minecraft:bucket":1,"minecraft:gold_nugget":53,"minecraft:cobbled_deepslate":51,"meadow:enzian":6,"farmersdelight:cabbage":4,"minecraft:spruce_planks":3,"minecraft:rose_bush":22,"minecraft:calcite":122,"minecraft:azalea":1,"minecraft:iron_pickaxe":1,"farmersdelight:cabbage_seeds":14,"minecraft:furnace":2,"minecraft:stick":25,"minecraft:oak_fence":2,"minecraft:torch":76,"minecraft:porkchop":2,"minecraft:diorite":3,"farmersdelight:chicken_cuts":6,"minecraft:rabbit_foot":1,"farmersdelight:fried_egg":3,"minecraft:stone_sword":2,"minecraft:rotten_flesh":2,"farmersdelight:onion":12,"farmersdelight:oak_cabinet":4,"mcwfurnitures:spruce_counter":2,"supplementaries:ash":45,"chipped:flat_calcite_tiles":13,"minecraft:cobblestone":3,"minecraft:feather":2,"minecraft:cooked_beef":4,"chipped:screen_dark_oak_door":1,"minecraft:jungle_log":1,"minecraft:potato":19,"farmersdelight:bacon":2,"minecraft:tuff":2,"supplementaries:flax_seeds":6,"farmersdelight:cooked_bacon":2,"minecraft:dirt":274,"minecraft:lapis_lazuli":35,"farmersdelight:tomato":12,"farmersdelight:mutton_chops":2,"minecraft:bone":25,"chipped:glass_dark_oak_door":2,"minecraft:bow":1,"meadow:wooden_flower_pot_big":5,"minecraft:wheat_seeds":29,"minecraft:rabbit":2,"minecraft:moss_block":4,"minecraft:oak_planks":16,"beautify:hanging_pot":7,"farmersdelight:spruce_cabinet":3,"vinery:white_grape":2,"minecraft:sand":93,"chipped:firewood_oak_log":6,"minecraft:dark_oak_log":39,"farmersdelight:cooked_mutton_chops":2,"minecraft:bundle":2,"minecraft:diamond":5,"minecraft:bone_meal":24,"minecraft:emerald":16,"minecraft:rooted_dirt":63,"minecraft:oak_sapling":3,"handcrafted:spruce_dining_bench":4,"minecraft:bricks":2,"minecraft:crafting_table":4,"minecraft:coarse_dirt":2,"minecraft:chicken":1,"minecraft:allium":6,"minecraft:azure_bluet":2,"minecraft:clay_ball":236,"decorative_blocks:spruce_support":7,"minecraft:cooked_rabbit":2,"minecraft:chain":1,"minecraft:shield":1,"meadow:fire_lily":2,"minecraft:moss_carpet":1,"farmersdelight:beef_patty":6,"meadow:inky_bed":2,"minecraft:beef":10,"vinery:cherry":3,"chipped:woven_dark_oak_trapdoor":4,"minecraft:egg":12,"minecraft:sandstone":56,"minecraft:dark_oak_sapling":2,"minecraft:raw_iron":25,"farmersdelight:minced_beef":11,"minecraft:bowl":3,"beautify:lamp_candelabra":2,"farmersdelight:tomato_seeds":2,"minecraft:carrot":54,"minecraft:redstone":19,"minecraft:dark_oak_planks":1,"farmersdelight:cooked_chicken_cuts":5,"beautify:botanist_workbench":1,"minecraft:hay_block":21,"chipped:cracked_flat_calcite_tiles":7,"minecraft:oxeye_daisy":2,"farmersdelight:straw_bale":3,"minecraft:birch_planks":2,"meadow:wooden_flower_pot_small":1,"minecraft:oak_log":26,"farmersdelight:salmon_slice":6,"minecraft:gunpowder":1,"meadow:pine_planks":1,"minecraft:cooked_mutton":6,"minecraft:smooth_sandstone":4,"farmersdelight:cooking_pot":1,"minecraft:apple":3,"minecraft:rabbit_hide":1,"minecraft:iron_ingot":7,"meadow:pine_sapling":1,"minecraft:stone_pickaxe":1,"meadow:eriophorum":6,"minecraft:dark_oak_stairs":6,"minecraft:dark_oak_slab":34,"minecraft:smooth_basalt":15,"minecraft:dandelion":6,"minecraft:amethyst_shard":4,"minecraft:spruce_sapling":1,"minecraft:spruce_log":21,"meadow:pine_log":30,"farmersdelight:cabbage_leaf":8,"minecraft:spider_eye":3,"mcwfences:oak_horse_fence":3,"minecraft:stone_axe":2,"meadow:delphinium":3,"farmersdelight:cooked_salmon_slice":6,"farmersdelight:stove":2,"minecraft:coal":9},"minecraft:crafted":{"minecraft:brick":8,"minecraft:smooth_stone":3,"minecraft:oak_planks":60,"minecraft:stone":3,"mcwfences:oak_highley_gate":1,"minecraft:glass":6,"minecraft:dark_oak_door":3,"minecraft:iron_boots":1,"beautify:oak_trellis":4,"minecraft:chest":1,"handcrafted:calcite_corner_trim":4,"handcrafted:spruce_dining_bench":2,"minecraft:bricks":1,"chipped:mason_table":1,"minecraft:emerald":3,"minecraft:crafting_table":4,"meadow:wooden_flower_pot_small":2,"minecraft:spruce_planks":44,"minecraft:iron_helmet":1,"farmersdelight:egg_sandwich":1,"farmersdelight:chicken_sandwich":1,"chipped:carpenters_table":1,"farmersdelight:skillet":1,"farmersdelight:bacon_and_eggs":2,"minecraft:spruce_trapdoor":6,"minecraft:dark_oak_slab":48,"minecraft:iron_chestplate":1,"decorative_blocks:spruce_support":12,"meadow:pine_planks":88,"minecraft:stick":64,"minecraft:iron_ingot":1,"vinery:red_grape_seeds":2,"minecraft:stone_shovel":2,"farmersdelight:mutton_wrap":2,"minecraft:blast_furnace":1,"minecraft:dark_oak_trapdoor":2,"minecraft:bone_meal":18,"minecraft:flint_and_steel":1,"minecraft:iron_axe":1,"farmersdelight:straw":18,"minecraft:spruce_slab":24,"minecraft:stone_pickaxe":1,"minecraft:dark_oak_planks":76,"minecraft:wheat":108,"minecraft:cooked_beef":6,"farmersdelight:hamburger":2,"bakery:sandwich":11,"minecraft:dark_oak_stairs":20,"minecraft:iron_sword":1,"farmersdelight:spruce_cabinet":3,"minecraft:stone_axe":1,"minecraft:bread":21,"minecraft:air":0,"decorative_blocks:rocky_dirt":6,"handcrafted:spruce_table":2,"mcwfences:oak_horse_fence":18,"meadow:wooden_flower_pot_big":2,"minecraft:wooden_axe":2,"mcwfurnitures:spruce_counter":3,"minecraft:iron_shovel":1,"minecraft:iron_leggings":1,"minecraft:torch":36},"minecraft:dropped":{"minecraft:oak_log":7,"bakery:sandwich":1,"minecraft:dirt":23,"minecraft:bone_meal":21,"minecraft:sand":26,"minecraft:stone_axe":2,"minecraft:rotten_flesh":1,"minecraft:oak_planks":16,"supplementaries:ash":38,"minecraft:iron_ingot":5,"minecraft:bread":4,"meadow:saxifrage":2,"minecraft:oak_fence":1,"minecraft:stick":24,"minecraft:diorite":1,"minecraft:torch":21,"minecraft:dandelion":2,"minecraft:stone_sword":2,"minecraft:spruce_planks":2,"minecraft:oak_sapling":1,"minecraft:sandstone":56},"minecraft:custom":{"minecraft:animals_bred":2,"minecraft:interact_with_crafting_table":77,"minecraft:leave_game":1,"minecraft:time_since_death":326962,"minecraft:sprint_one_cm":397459,"minecraft:damage_blocked_by_shield":65,"minecraft:drop":59,"minecraft:talked_to_villager":35,"minecraft:play_time":326962,"minecraft:jump":2315,"minecraft:walk_on_water_one_cm":23080,"minecraft:interact_with_furnace":51,"minecraft:traded_with_villager":5,"minecraft:sleep_in_bed":10,"minecraft:damage_dealt":2237,"minecraft:crouch_one_cm":2549,"minecraft:horse_one_cm":711,"minecraft:mob_kills":14,"minecraft:climb_one_cm":4373,"minecraft:walk_one_cm":621461,"minecraft:sneak_time":2643,"minecraft:walk_under_water_one_cm":12231,"minecraft:total_world_time":326962,"minecraft:pot_flower":1,"minecraft:time_since_rest":38634,"minecraft:damage_taken":612,"minecraft:swim_one_cm":19601,"minecraft:fly_one_cm":1240278,"minecraft:open_chest":109,"minecraft:fall_one_cm":50192},"minecraft:used":{"meadow:fire_lily":1,"minecraft:iron_shovel":122,"farmersdelight:cabbage_seeds":11,"farmersdelight:stove":1,"minecraft:chest":1,"minecraft:shield":2,"mcwfurnitures:spruce_counter":5,"minecraft:iron_sword":19,"decorative_blocks:spruce_support":19,"minecraft:carrot":36,"minecraft:allium":4,"minecraft:azure_bluet":1,"beautify:lamp_candelabra":1,"minecraft:bricks":2,"minecraft:dark_oak_slab":78,"mcwfences:oak_highley_gate":1,"meadow:eriophorum":5,"farmersdelight:cutting_board":4,"minecraft:hay_block":9,"minecraft:furnace":1,"minecraft:egg":4,"minecraft:potato":12,"minecraft:dark_oak_stairs":26,"minecraft:diorite":1,"minecraft:stone_pickaxe":264,"chipped:screen_dark_oak_door":2,"beautify:hanging_pot":4,"bakery:sandwich":2,"farmersdelight:chicken_sandwich":1,"minecraft:sand":3,"meadow:wooden_flower_pot_small":3,"farmersdelight:cod_roll":1,"minecraft:bread":4,"chipped:cracked_flat_calcite_tiles":48,"chipped:firewood_oak_log":18,"chipped:woven_dark_oak_trapdoor":6,"farmersdelight:spruce_cabinet":3,"meadow:enzian":4,"chipped:carpenters_table":1,"minecraft:coarse_dirt":2,"minecraft:bone_meal":13,"minecraft:oak_fence":1,"chipped:glass_dark_oak_door":4,"minecraft:rose_bush":1,"minecraft:stone_sword":42,"minecraft:stone_shovel":269,"minecraft:spruce_planks":1,"meadow:pine_sapling":1,"handcrafted:calcite_corner_trim":2,"minecraft:torch":69,"minecraft:dirt":72,"handcrafted:spruce_dining_bench":6,"mcwfences:oak_horse_fence":18,"handcrafted:spruce_table":2,"beautify:oak_trellis":27,"minecraft:iron_hoe":41,"chipped:flat_calcite_tiles":62,"minecraft:wooden_axe":59,"minecraft:dark_oak_planks":1,"farmersdelight:oak_cabinet":3,"minecraft:iron_axe":10,"meadow:wooden_flower_pot_big":5,"minecraft:rooted_dirt":5,"minecraft:smooth_sandstone":4,"minecraft:jungle_log":1,"meadow:delphinium":2,"farmersdelight:cooking_pot":1,"minecraft:cooked_beef":4,"farmersdelight:tomato_seeds":9,"minecraft:cobbled_deepslate":38,"vinery:red_grape":2,"farmersdelight:fried_egg":1,"minecraft:calcite":2,"minecraft:wheat_seeds":2,"minecraft:cooked_mutton":1,"farmersdelight:iron_knife":1,"minecraft:water_bucket":1,"farmersdelight:skillet":1,"meadow:pine_planks":67,"farmersdelight:onion":4,"decorative_blocks:rocky_dirt":6,"minecraft:crafting_table":6,"chipped:mason_table":1,"minecraft:spruce_log":3,"minecraft:oak_log":2,"minecraft:apple":5,"meadow:inky_bed":2,"minecraft:iron_pickaxe":71,"minecraft:stone_axe":200,"vinery:cherry":2,"farmersdelight:egg_sandwich":1,"minecraft:bucket":1,"meadow:pine_log":8,"vinery:red_grape_seeds":2,"meadow:saxifrage":5},"minecraft:killed":{"minecraft:spider":5,"minecraft:skeleton":2,"minecraft:chicken":1,"minecraft:creeper":2,"minecraft:zombie":3,"minecraft:rabbit":1}},"DataVersion":3465}