{"stats":{"minecraft:mined":{"minecraft:dark_oak_planks":1,"minecraft:spruce_planks":1,"meadow:saxifrage":7,"vinery:dark_cherry_leaves":2,"handcrafted:calcite_corner_trim":2,"handcrafted:spruce_dining_bench":4,"minecraft:obsidian":4,"minecraft:grass_block":196,"meadow:pine_log":37,"minecraft:jungle_log":1,"farmersdelight:budding_tomatoes":1,"minecraft:oxeye_daisy":1,"minecraft:tall_seagrass":4,"meadow:pine_planks":1,"minecraft:fire":2,"minecraft:iron_ore":5,"minecraft:cobbled_deepslate":10,"minecraft:deepslate_lapis_ore":5,"minecraft:azure_bluet":1,"minecraft:dark_oak_stairs":6,"minecraft:pointed_dripstone":2,"minecraft:dirt_path":2,"minecraft:azalea_leaves":3,"farmersdelight:wild_potatoes":2,"meadow:delphinium":3,"minecraft:deepslate_redstone_ore":9,"minecraft:amethyst_cluster":1,"minecraft:clay":46,"minecraft:torch":6,"beautify:hanging_pot":7,"vinery:red_grape_bush":1,"minecraft:calcite":128,"chipped:cracked_flat_calcite_tiles":7,"beautify:oak_trellis":25,"supplementaries:wild_flax":3,"farmersdelight:cabbages":4,"minecraft:cobblestone":1,"minecraft:bricks":2,"beautify:lamp_candelabra":2,"minecraft:wall_torch":5,"minecraft:amethyst_block":8,"minecraft:deepslate_copper_ore":4,"minecraft:seagrass":4,"minecraft:chain":1,"farmersdelight:sandy_shrub":1,"minecraft:dark_oak_slab":24,"minecraft:birch_log":25,"minecraft:grass":219,"minecraft:oak_log":131,"minecraft:sand":78,"minecraft:dirt":60,"minecraft:smooth_basalt":17,"minecraft:oak_leaves":88,"minecraft:deepslate":149,"beautify:botanist_workbench":1,"minecraft:tuff":5,"meadow:small_fir":2,"farmersdelight:onions":3,"minecraft:mossy_cobblestone":2,"minecraft:dark_oak_leaves":23,"minecraft:deepslate_diamond_ore":35,"farmersdelight:wild_carrots":14,"minecraft:dark_oak_log":39,"meadow:inky_bed":2,"minecraft:allium":4,"chipped:firewood_oak_log":6,"farmersdelight:wild_cabbages":4,"minecraft:spruce_leaves":7,"minecraft:moss_block":2,"minecraft:sandstone":28,"minecraft:rooted_dirt":69,"minecraft:large_fern":1,"minecraft:hay_block":21,"farmersdelight:wild_onions":3,"minecraft:furnace":2,"minecraft:carrots":14,"farmersdelight:spruce_cabinet":3,"meadow:fire_lily":2,"meadow:eriophorum":6,"chipped:woven_dark_oak_trapdoor":4,"minecraft:potatoes":5,"minecraft:deepslate_iron_ore":20,"minecraft:rail":1,"meadow:pine_leaves":8,"minecraft:stone":7,"sophisticatedbackpacks:backpack":3,"minecraft:bone_block":4,"farmersdelight:cooking_pot":1,"mcwfences:oak_horse_fence":3,"chipped:flat_calcite_tiles":13,"minecraft:dandelion":2,"meadow:wooden_flower_pot_small":1,"minecraft:oak_fence":3,"minecraft:smooth_sandstone":4,"minecraft:crafting_table":5,"farmersdelight:straw_bale":2,"bakery:wild_strawberries":15,"minecraft:rose_bush":1,"minecraft:tall_grass":16,"minecraft:copper_ore":15,"minecraft:deepslate_gold_ore":3,"farmersdelight:wild_tomatoes":1,"farmersdelight:oak_cabinet":4,"minecraft:diorite":2,"mcwfurnitures:spruce_counter":2,"supplementaries:urn":46,"minecraft:coarse_dirt":2,"meadow:wooden_flower_pot_big":5,"minecraft:spruce_log":78,"decorative_blocks:spruce_support":7,"minecraft:coal_ore":50,"meadow:enzian":5,"minecraft:gravel":17,"minecraft:cobweb":60,"farmersdelight:stove":2},"minecraft:broken":{"minecraft:stone_pickaxe":2,"minecraft:stone_axe":1,"minecraft:wooden_axe":1,"minecraft:stone_shovel":2,"minecraft:iron_pickaxe":1},"minecraft:picked_up":{"beautify:oak_trellis":25,"vinery:red_grape":5,"minecraft:diamond_sword":1,"handcrafted:calcite_corner_trim":2,"minecraft:potion":1,"minecraft:amethyst_block":6,"farmersdelight:cutting_board":3,"farmersdelight:apple_pie_slice":2,"minecraft:string":21,"minecraft:raw_copper":34,"minecraft:zombie_head":1,"meadow:saxifrage":10,"minecraft:bucket":1,"minecraft:gold_nugget":77,"minecraft:cobbled_deepslate":137,"meadow:enzian":6,"farmersdelight:cabbage":4,"minecraft:spruce_planks":3,"minecraft:rose_bush":22,"minecraft:calcite":122,"minecraft:azalea":3,"minecraft:iron_pickaxe":1,"farmersdelight:cabbage_seeds":14,"minecraft:furnace":2,"minecraft:stick":25,"minecraft:oak_fence":2,"minecraft:torch":81,"minecraft:porkchop":2,"minecraft:pointed_dripstone":3,"minecraft:diorite":3,"farmersdelight:chicken_cuts":6,"minecraft:rabbit_foot":1,"farmersdelight:fried_egg":3,"minecraft:stone_sword":2,"minecraft:rotten_flesh":10,"farmersdelight:onion":12,"supplementaries:antique_ink":3,"farmersdelight:oak_cabinet":4,"mcwfurnitures:spruce_counter":2,"supplementaries:ash":50,"minecraft:obsidian":3,"chipped:flat_calcite_tiles":13,"minecraft:cobblestone":3,"bakery:sandwich":4,"minecraft:feather":2,"minecraft:cooked_beef":4,"chipped:screen_dark_oak_door":1,"minecraft:jungle_log":1,"minecraft:potato":19,"farmersdelight:bacon":2,"minecraft:tuff":4,"supplementaries:flax_seeds":11,"farmersdelight:cooked_bacon":2,"minecraft:dirt":274,"minecraft:lapis_lazuli":35,"farmersdelight:tomato":12,"farmersdelight:mutton_chops":2,"minecraft:bone":33,"chipped:glass_dark_oak_door":2,"minecraft:bow":1,"meadow:wooden_flower_pot_big":5,"minecraft:wheat_seeds":29,"minecraft:raw_gold":3,"minecraft:rabbit":2,"minecraft:moss_block":8,"minecraft:oak_planks":16,"beautify:hanging_pot":7,"farmersdelight:spruce_cabinet":3,"vinery:white_grape":2,"minecraft:sand":93,"chipped:firewood_oak_log":6,"minecraft:dark_oak_log":39,"farmersdelight:cooked_mutton_chops":2,"minecraft:bundle":2,"minecraft:sugar":1,"minecraft:diamond":41,"minecraft:bone_meal":24,"minecraft:emerald":25,"minecraft:rooted_dirt":72,"minecraft:oak_sapling":3,"handcrafted:spruce_dining_bench":4,"minecraft:bricks":2,"minecraft:fishing_rod":1,"minecraft:crafting_table":4,"minecraft:coarse_dirt":2,"minecraft:chicken":1,"minecraft:allium":6,"minecraft:azure_bluet":2,"minecraft:clay_ball":236,"decorative_blocks:spruce_support":7,"minecraft:cooked_rabbit":2,"minecraft:chain":1,"minecraft:shield":1,"meadow:fire_lily":2,"minecraft:moss_carpet":2,"farmersdelight:beef_patty":6,"meadow:inky_bed":2,"minecraft:beef":10,"vinery:cherry":3,"chipped:woven_dark_oak_trapdoor":4,"minecraft:iron_nugget":29,"minecraft:chest":1,"minecraft:egg":12,"minecraft:sandstone":56,"minecraft:dark_oak_sapling":2,"minecraft:raw_iron":25,"farmersdelight:minced_beef":11,"minecraft:bowl":3,"sophisticatedbackpacks:backpack":4,"beautify:lamp_candelabra":2,"farmersdelight:tomato_seeds":2,"minecraft:carrot":54,"minecraft:redstone":39,"minecraft:dark_oak_planks":17,"minecraft:arrow":1,"farmersdelight:cooked_chicken_cuts":5,"beautify:botanist_workbench":1,"minecraft:shears":1,"minecraft:hay_block":21,"minecraft:rail":1,"minecraft:bone_block":4,"chipped:cracked_flat_calcite_tiles":7,"minecraft:oxeye_daisy":2,"minecraft:air":0,"farmersdelight:straw_bale":3,"minecraft:leather":9,"minecraft:birch_planks":2,"meadow:wooden_flower_pot_small":1,"minecraft:oak_log":46,"farmersdelight:salmon_slice":6,"minecraft:gunpowder":1,"meadow:pine_planks":1,"minecraft:cooked_mutton":6,"minecraft:smooth_sandstone":4,"farmersdelight:cooking_pot":1,"minecraft:apple":3,"minecraft:rabbit_hide":1,"minecraft:iron_ingot":11,"meadow:pine_sapling":1,"minecraft:stone_pickaxe":1,"minecraft:cobweb":65,"meadow:eriophorum":6,"minecraft:dark_oak_stairs":6,"minecraft:dark_oak_slab":34,"minecraft:smooth_basalt":15,"minecraft:dandelion":6,"minecraft:gravel":16,"minecraft:amethyst_shard":4,"minecraft:spruce_sapling":1,"minecraft:spruce_log":21,"meadow:pine_log":30,"farmersdelight:cabbage_leaf":8,"minecraft:spider_eye":4,"mcwfences:oak_horse_fence":3,"minecraft:stone_axe":2,"meadow:delphinium":3,"farmersdelight:cooked_salmon_slice":6,"farmersdelight:stove":2,"minecraft:coal":9},"minecraft:crafted":{"minecraft:brick":8,"minecraft:smooth_stone":3,"minecraft:oak_planks":60,"minecraft:stone":3,"mcwfences:oak_highley_gate":1,"minecraft:glass":6,"minecraft:dark_oak_door":3,"minecraft:iron_boots":1,"beautify:oak_trellis":4,"minecraft:chest":1,"handcrafted:calcite_corner_trim":4,"handcrafted:spruce_dining_bench":2,"minecraft:bricks":1,"chipped:mason_table":1,"minecraft:wooden_shovel":2,"sophisticatedbackpacks:backpack":1,"minecraft:emerald":3,"minecraft:crafting_table":4,"meadow:wooden_flower_pot_small":2,"minecraft:spruce_planks":44,"minecraft:wooden_pickaxe":2,"minecraft:iron_helmet":1,"farmersdelight:egg_sandwich":1,"farmersdelight:chicken_sandwich":1,"chipped:carpenters_table":1,"sophisticatedbackpacks:upgrade_base":2,"farmersdelight:skillet":1,"farmersdelight:bacon_and_eggs":2,"minecraft:spruce_trapdoor":6,"minecraft:dark_oak_slab":48,"minecraft:iron_chestplate":1,"decorative_blocks:spruce_support":12,"meadow:pine_planks":88,"minecraft:diamond_pickaxe":2,"minecraft:stick":104,"minecraft:iron_ingot":1,"vinery:red_grape_seeds":2,"minecraft:wooden_sword":2,"minecraft:stone_shovel":2,"farmersdelight:mutton_wrap":2,"sophisticatedbackpacks:tool_swapper_upgrade":2,"minecraft:blast_furnace":1,"minecraft:dark_oak_trapdoor":2,"minecraft:bone_meal":18,"minecraft:flint_and_steel":1,"minecraft:iron_axe":1,"farmersdelight:straw":18,"minecraft:spruce_slab":24,"minecraft:stone_pickaxe":1,"minecraft:dark_oak_planks":116,"sophisticatedbackpacks:iron_backpack":1,"minecraft:wheat":108,"minecraft:cooked_beef":6,"farmersdelight:hamburger":2,"bakery:sandwich":11,"minecraft:dark_oak_stairs":20,"minecraft:iron_sword":1,"farmersdelight:spruce_cabinet":3,"minecraft:stone_axe":1,"minecraft:bread":21,"minecraft:air":0,"decorative_blocks:rocky_dirt":6,"handcrafted:spruce_table":2,"mcwfences:oak_horse_fence":18,"meadow:wooden_flower_pot_big":2,"minecraft:wooden_axe":4,"mcwfurnitures:spruce_counter":3,"minecraft:iron_shovel":1,"minecraft:iron_leggings":1,"minecraft:torch":128},"minecraft:custom":{"minecraft:animals_bred":2,"minecraft:interact_with_crafting_table":89,"minecraft:leave_game":1,"minecraft:time_since_death":416962,"minecraft:sprint_one_cm":567464,"minecraft:damage_blocked_by_shield":325,"minecraft:drop":87,"minecraft:talked_to_villager":35,"minecraft:play_time":416962,"minecraft:jump":3186,"minecraft:walk_on_water_one_cm":29632,"minecraft:interact_with_furnace":53,"minecraft:traded_with_villager":5,"minecraft:sleep_in_bed":12,"minecraft:damage_dealt":6729,"minecraft:crouch_one_cm":3546,"minecraft:horse_one_cm":711,"minecraft:interact_with_anvil":1,"minecraft:mob_kills":38,"minecraft:climb_one_cm":4599,"minecraft:walk_one_cm":951049,"minecraft:sneak_time":4083,"minecraft:walk_under_water_one_cm":13657,"minecraft:total_world_time":416962,"minecraft:pot_flower":1,"minecraft:time_since_rest":12096,"minecraft:damage_taken":935,"minecraft:swim_one_cm":23743,"minecraft:fly_one_cm":1342789,"minecraft:open_chest":136,"minecraft:fall_one_cm":66981},"minecraft:dropped":{"farmersdelight:hamburger":1,"minecraft:moss_block":4,"minecraft:oak_log":14,"minecraft:diamond":43,"farmersdelight:mutton_wrap":1,"bakery:sandwich":9,"minecraft:dirt":23,"minecraft:bone_meal":21,"minecraft:sand":26,"minecraft:dark_oak_planks":56,"minecraft:gravel":10,"minecraft:stone_axe":2,"minecraft:rotten_flesh":4,"minecraft:oak_planks":16,"supplementaries:flax_seeds":1,"supplementaries:ash":48,"minecraft:azalea":2,"minecraft:iron_ingot":5,"minecraft:bread":4,"minecraft:wheat_seeds":1,"meadow:saxifrage":2,"minecraft:oak_fence":1,"minecraft:golden_apple":6,"minecraft:stick":24,"minecraft:cobweb":2,"minecraft:diorite":1,"minecraft:torch":22,"minecraft:potion":1,"minecraft:dandelion":2,"minecraft:moss_carpet":1,"minecraft:stone_sword":2,"sophisticatedbackpacks:backpack":1,"minecraft:shield":1,"minecraft:spruce_planks":2,"minecraft:diamond_pickaxe":1,"minecraft:oak_sapling":1,"minecraft:sandstone":56},"minecraft:used":{"meadow:fire_lily":1,"minecraft:iron_shovel":140,"minecraft:bone_block":1,"farmersdelight:cabbage_seeds":11,"farmersdelight:stove":1,"minecraft:chest":1,"minecraft:shield":11,"mcwfurnitures:spruce_counter":5,"minecraft:iron_sword":132,"decorative_blocks:spruce_support":19,"minecraft:carrot":42,"minecraft:allium":4,"minecraft:tuff":1,"minecraft:azure_bluet":1,"beautify:lamp_candelabra":1,"minecraft:lava_bucket":1,"minecraft:bricks":2,"minecraft:dark_oak_slab":78,"mcwfences:oak_highley_gate":1,"meadow:eriophorum":5,"farmersdelight:cutting_board":4,"minecraft:hay_block":9,"minecraft:furnace":1,"minecraft:egg":4,"minecraft:potato":12,"farmersdelight:hamburger":1,"minecraft:dark_oak_stairs":26,"minecraft:diorite":1,"minecraft:stone_pickaxe":264,"chipped:screen_dark_oak_door":2,"beautify:hanging_pot":4,"bakery:sandwich":6,"farmersdelight:chicken_sandwich":1,"minecraft:sand":3,"meadow:wooden_flower_pot_small":3,"farmersdelight:cod_roll":1,"minecraft:shears":40,"sophisticatedbackpacks:backpack":4,"minecraft:bread":4,"chipped:cracked_flat_calcite_tiles":48,"chipped:firewood_oak_log":18,"minecraft:gravel":6,"chipped:woven_dark_oak_trapdoor":6,"minecraft:diamond_sword":8,"farmersdelight:spruce_cabinet":3,"meadow:enzian":4,"chipped:carpenters_table":1,"minecraft:coarse_dirt":2,"minecraft:bone_meal":13,"minecraft:cobweb":15,"minecraft:oak_fence":1,"chipped:glass_dark_oak_door":4,"minecraft:rose_bush":1,"minecraft:stone_sword":42,"minecraft:stone_shovel":269,"minecraft:spruce_planks":1,"meadow:pine_sapling":1,"handcrafted:calcite_corner_trim":2,"minecraft:torch":206,"minecraft:dirt":72,"handcrafted:spruce_dining_bench":6,"mcwfences:oak_horse_fence":18,"handcrafted:spruce_table":2,"beautify:oak_trellis":27,"minecraft:iron_hoe":41,"chipped:flat_calcite_tiles":62,"minecraft:wooden_axe":59,"minecraft:dark_oak_planks":1,"farmersdelight:oak_cabinet":3,"minecraft:iron_axe":251,"meadow:wooden_flower_pot_big":5,"minecraft:rooted_dirt":5,"minecraft:smooth_sandstone":4,"minecraft:jungle_log":1,"meadow:delphinium":2,"minecraft:smooth_basalt":2,"farmersdelight:cooking_pot":1,"minecraft:cooked_beef":4,"farmersdelight:tomato_seeds":9,"minecraft:cobbled_deepslate":52,"vinery:red_grape":2,"farmersdelight:fried_egg":1,"minecraft:calcite":2,"minecraft:wheat_seeds":2,"minecraft:cooked_mutton":1,"farmersdelight:mutton_wrap":1,"farmersdelight:iron_knife":1,"minecraft:water_bucket":1,"farmersdelight:skillet":1,"meadow:pine_planks":67,"farmersdelight:onion":4,"decorative_blocks:rocky_dirt":6,"minecraft:crafting_table":6,"chipped:mason_table":1,"minecraft:spruce_log":6,"minecraft:oak_log":2,"minecraft:diamond_pickaxe":66,"minecraft:apple":5,"meadow:inky_bed":2,"minecraft:iron_pickaxe":251,"minecraft:stone_axe":200,"vinery:cherry":2,"farmersdelight:egg_sandwich":1,"minecraft:bucket":3,"meadow:pine_log":8,"vinery:red_grape_seeds":2,"meadow:saxifrage":5},"minecraft:killed":{"minecraft:cave_spider":2,"minecraft:witch":1,"minecraft:spider":5,"minecraft:skeleton":4,"minecraft:chicken":1,"minecraft:pig":1,"minecraft:zombie_villager":1,"minecraft:creeper":4,"minecraft:zombie":18,"minecraft:rabbit":1}},"DataVersion":3465}