{"stats":{"minecraft:mined":{"minecraft:dark_oak_planks":1,"meadow:cooking_cauldron":1,"minecraft:spruce_planks":1,"meadow:saxifrage":7,"vinery:dark_cherry_leaves":52,"handcrafted:calcite_corner_trim":2,"handcrafted:spruce_dining_bench":4,"minecraft:obsidian":4,"meadow:mossy_limestone_bricks":1,"minecraft:grass_block":197,"meadow:pine_log":40,"minecraft:jungle_log":1,"farmersdelight:budding_tomatoes":1,"chipped:stacked_granite_bricks":2,"minecraft:oxeye_daisy":1,"meadow:pine_planks":1,"minecraft:tall_seagrass":4,"bakery:kitchen_sink":1,"minecraft:barrel":2,"minecraft:iron_ore":5,"minecraft:cobbled_deepslate":10,"minecraft:fire":2,"meadow:can":2,"minecraft:deepslate_lapis_ore":5,"minecraft:azure_bluet":1,"minecraft:dark_oak_stairs":6,"meadow:highland_bed":2,"minecraft:pointed_dripstone":2,"minecraft:dirt_path":2,"meadow:chair":5,"minecraft:azalea_leaves":3,"meadow:wooden_water_cauldron":1,"farmersdelight:wild_potatoes":2,"meadow:delphinium":3,"minecraft:deepslate_redstone_ore":9,"minecraft:cut_sandstone":14,"minecraft:amethyst_cluster":1,"minecraft:clay":46,"minecraft:torch":6,"minecraft:blast_furnace":1,"beautify:hanging_pot":7,"vinery:red_grape_bush":1,"minecraft:calcite":128,"chipped:cracked_flat_calcite_tiles":7,"beautify:oak_trellis":25,"supplementaries:wild_flax":3,"farmersdelight:cabbages":9,"minecraft:cobblestone":1,"minecraft:sugar_cane":2,"minecraft:bricks":10,"beautify:lamp_candelabra":2,"minecraft:wall_torch":5,"vinery:white_grape_bush":1,"minecraft:amethyst_block":8,"minecraft:deepslate_copper_ore":4,"minecraft:seagrass":4,"minecraft:chain":1,"farmersdelight:sandy_shrub":1,"minecraft:dark_oak_slab":24,"minecraft:birch_log":25,"minecraft:wheat":2,"minecraft:tnt":9,"minecraft:grass":333,"meadow:table":6,"minecraft:oak_log":135,"minecraft:sand":78,"minecraft:dirt":63,"minecraft:smooth_basalt":17,"meadow:umbra_bed":1,"minecraft:stonecutter":2,"chipped:vertical_cut_bricks":3,"minecraft:oak_leaves":162,"minecraft:deepslate":149,"beautify:botanist_workbench":1,"minecraft:tuff":5,"meadow:small_fir":3,"farmersdelight:onions":3,"minecraft:mossy_cobblestone":2,"minecraft:dark_oak_leaves":23,"minecraft:deepslate_diamond_ore":35,"farmersdelight:wild_carrots":14,"minecraft:dark_oak_log":85,"meadow:flecked_carpet":1,"meadow:inky_bed":3,"chipped:stacked_bricks_bricks":1,"minecraft:allium":4,"meadow:oil_lantern":1,"chipped:firewood_oak_log":6,"farmersdelight:wild_cabbages":4,"minecraft:spruce_leaves":7,"minecraft:moss_block":2,"minecraft:sandstone":37,"minecraft:rooted_dirt":69,"minecraft:large_fern":1,"minecraft:hay_block":22,"farmersdelight:wild_onions":3,"minecraft:furnace":2,"minecraft:carrots":29,"farmersdelight:spruce_cabinet":3,"minecraft:chiseled_sandstone":1,"meadow:fire_lily":2,"meadow:eriophorum":6,"chipped:woven_dark_oak_trapdoor":6,"minecraft:potatoes":12,"farmersdelight:rope":1,"minecraft:deepslate_iron_ore":20,"minecraft:rail":1,"meadow:woodcutter":1,"meadow:pine_leaves":37,"minecraft:stone":7,"minecraft:bone_block":4,"sophisticatedbackpacks:backpack":3,"farmersdelight:cooking_pot":2,"meadow:cheese_form":1,"minecraft:light_gray_carpet":1,"minecraft:oak_slab":1,"mcwfences:oak_horse_fence":3,"chipped:flat_calcite_tiles":13,"vinery:dark_cherry_log":6,"minecraft:dandelion":2,"meadow:wooden_flower_pot_small":1,"meadow:doormat":1,"minecraft:oak_fence":7,"minecraft:smooth_sandstone":7,"minecraft:crafting_table":6,"farmersdelight:straw_bale":2,"bakery:wild_strawberries":17,"minecraft:rose_bush":1,"meadow:shelf":6,"minecraft:copper_ore":15,"minecraft:tall_grass":18,"minecraft:deepslate_gold_ore":3,"farmersdelight:wild_tomatoes":1,"farmersdelight:oak_cabinet":4,"minecraft:diorite":2,"mcwfurnitures:spruce_counter":2,"supplementaries:urn":46,"farmersdelight:skillet":3,"minecraft:coarse_dirt":2,"meadow:wooden_flower_pot_big":5,"minecraft:spruce_log":81,"decorative_blocks:spruce_support":7,"minecraft:yellow_bed":1,"minecraft:coal_ore":50,"meadow:enzian":6,"minecraft:gravel":17,"farmersdelight:stove":3,"minecraft:cobweb":60,"meadow:limestone_bricks":1},"minecraft:broken":{"minecraft:stone_pickaxe":2,"minecraft:stone_axe":1,"minecraft:wooden_axe":1,"minecraft:stone_shovel":2,"minecraft:iron_axe":1,"minecraft:iron_pickaxe":1},"minecraft:picked_up":{"beautify:oak_trellis":25,"farmersdelight:cabbage_rolls":1,"vinery:red_grape":5,"minecraft:diamond_sword":1,"handcrafted:calcite_corner_trim":2,"bakery:strawberry_seeds":1,"minecraft:potion":1,"minecraft:amethyst_block":6,"farmersdelight:cutting_board":3,"farmersdelight:apple_pie_slice":2,"minecraft:string":21,"minecraft:raw_copper":34,"minecraft:zombie_head":1,"meadow:saxifrage":10,"minecraft:bucket":1,"minecraft:gold_nugget":77,"minecraft:cobbled_deepslate":137,"meadow:enzian":6,"farmersdelight:cabbage":4,"minecraft:spruce_planks":3,"minecraft:rose_bush":22,"minecraft:calcite":122,"minecraft:azalea":3,"minecraft:iron_pickaxe":1,"farmersdelight:cabbage_seeds":14,"minecraft:furnace":2,"minecraft:stick":26,"minecraft:oak_fence":6,"minecraft:torch":81,"minecraft:porkchop":2,"minecraft:pointed_dripstone":3,"minecraft:diorite":3,"farmersdelight:chicken_cuts":6,"meadow:shelf":4,"minecraft:rabbit_foot":1,"minecraft:stone_sword":2,"farmersdelight:fried_egg":3,"minecraft:rotten_flesh":10,"farmersdelight:onion":12,"meadow:highland_bed":2,"supplementaries:antique_ink":3,"farmersdelight:oak_cabinet":4,"mcwfurnitures:spruce_counter":2,"farmersdelight:rope":1,"supplementaries:ash":50,"vinery:dark_cherry_log":6,"minecraft:obsidian":3,"chipped:flat_calcite_tiles":13,"minecraft:cobblestone":3,"bakery:kitchen_sink":1,"bakery:sandwich":4,"minecraft:feather":3,"minecraft:cooked_beef":4,"chipped:screen_dark_oak_door":1,"minecraft:jungle_log":1,"minecraft:potato":19,"farmersdelight:bacon":2,"minecraft:tuff":4,"supplementaries:flax_seeds":11,"farmersdelight:cooked_bacon":2,"minecraft:lapis_lazuli":35,"farmersdelight:tomato":12,"minecraft:dirt":275,"farmersdelight:mutton_chops":2,"minecraft:bone":33,"minecraft:stonecutter":2,"meadow:wooden_flower_pot_big":5,"minecraft:bow":1,"chipped:glass_dark_oak_door":2,"minecraft:wheat_seeds":29,"minecraft:raw_gold":3,"meadow:table":2,"minecraft:rabbit":2,"minecraft:moss_block":8,"minecraft:oak_planks":16,"beautify:hanging_pot":7,"farmersdelight:spruce_cabinet":3,"vinery:dark_cherry_sapling":2,"vinery:white_grape":2,"minecraft:sand":93,"chipped:firewood_oak_log":6,"minecraft:chiseled_sandstone":1,"minecraft:barrel":2,"minecraft:dark_oak_log":39,"farmersdelight:cooked_mutton_chops":2,"minecraft:bundle":2,"minecraft:sugar":1,"minecraft:diamond":41,"minecraft:bone_meal":24,"minecraft:emerald":25,"minecraft:light_gray_carpet":1,"minecraft:rooted_dirt":72,"minecraft:oak_sapling":3,"handcrafted:spruce_dining_bench":4,"minecraft:bricks":10,"minecraft:fishing_rod":1,"minecraft:coarse_dirt":2,"minecraft:crafting_table":4,"minecraft:allium":6,"minecraft:clay_ball":236,"minecraft:azure_bluet":2,"minecraft:chicken":1,"decorative_blocks:spruce_support":7,"minecraft:cooked_rabbit":2,"minecraft:chain":1,"minecraft:shield":1,"meadow:fire_lily":2,"minecraft:moss_carpet":2,"farmersdelight:beef_patty":6,"meadow:inky_bed":2,"minecraft:beef":10,"chipped:woven_dark_oak_trapdoor":5,"vinery:cherry":26,"minecraft:iron_nugget":29,"minecraft:chest":1,"minecraft:egg":15,"minecraft:dark_oak_sapling":2,"minecraft:sandstone":65,"minecraft:raw_iron":25,"farmersdelight:minced_beef":11,"minecraft:bowl":3,"sophisticatedbackpacks:backpack":4,"beautify:lamp_candelabra":2,"farmersdelight:tomato_seeds":2,"minecraft:redstone":39,"minecraft:carrot":54,"minecraft:stone_pressure_plate":1,"minecraft:dark_oak_planks":17,"minecraft:tnt":9,"minecraft:arrow":1,"farmersdelight:cooked_chicken_cuts":5,"meadow:oil_lantern":1,"beautify:botanist_workbench":1,"minecraft:shears":1,"minecraft:hay_block":22,"minecraft:rail":1,"minecraft:bone_block":4,"chipped:cracked_flat_calcite_tiles":7,"minecraft:oxeye_daisy":2,"minecraft:air":0,"farmersdelight:straw_bale":3,"vinery:rotten_cherry":3,"minecraft:cut_sandstone":14,"minecraft:leather":9,"minecraft:birch_planks":2,"meadow:wooden_flower_pot_small":1,"minecraft:oak_log":46,"farmersdelight:salmon_slice":6,"minecraft:gunpowder":1,"farmersdelight:skillet":1,"meadow:pine_planks":1,"minecraft:cooked_mutton":6,"minecraft:smooth_sandstone":7,"farmersdelight:cooking_pot":1,"minecraft:apple":3,"minecraft:rabbit_hide":1,"meadow:pine_sapling":1,"minecraft:iron_ingot":11,"minecraft:stone_pickaxe":1,"minecraft:cobweb":65,"meadow:eriophorum":6,"minecraft:dark_oak_stairs":6,"minecraft:oak_slab":1,"bakery:strawberry":1,"minecraft:smooth_basalt":15,"minecraft:dark_oak_slab":34,"minecraft:dandelion":6,"minecraft:gravel":16,"minecraft:amethyst_shard":4,"minecraft:spruce_sapling":1,"minecraft:spruce_log":21,"meadow:pine_log":30,"minecraft:spider_eye":4,"farmersdelight:cabbage_leaf":8,"mcwfences:oak_horse_fence":3,"minecraft:stone_axe":2,"meadow:delphinium":3,"farmersdelight:cooked_salmon_slice":6,"farmersdelight:stove":3,"minecraft:coal":9},"minecraft:crafted":{"minecraft:brick":232,"minecraft:smooth_stone":3,"minecraft:oak_planks":60,"minecraft:stone":3,"mcwfences:oak_highley_gate":1,"minecraft:dark_oak_door":3,"minecraft:glass":6,"minecraft:iron_boots":1,"beautify:oak_trellis":4,"farmersdelight:tomato_sauce":1,"minecraft:chest":1,"handcrafted:calcite_corner_trim":4,"handcrafted:spruce_dining_bench":2,"minecraft:bricks":57,"chipped:mason_table":1,"minecraft:wooden_shovel":2,"sophisticatedbackpacks:backpack":1,"minecraft:emerald":3,"minecraft:crafting_table":5,"meadow:wooden_flower_pot_small":2,"minecraft:spruce_planks":44,"minecraft:iron_helmet":1,"minecraft:wooden_pickaxe":2,"farmersdelight:egg_sandwich":1,"farmersdelight:chicken_sandwich":1,"chipped:carpenters_table":1,"farmersdelight:skillet":1,"sophisticatedbackpacks:upgrade_base":2,"farmersdelight:bacon_and_eggs":2,"minecraft:spruce_trapdoor":6,"minecraft:diamond_pickaxe":2,"minecraft:dark_oak_slab":48,"decorative_blocks:spruce_support":12,"minecraft:iron_chestplate":1,"meadow:pine_planks":88,"minecraft:stick":104,"minecraft:iron_ingot":1,"vinery:red_grape_seeds":2,"minecraft:wooden_sword":2,"minecraft:stone_shovel":2,"farmersdelight:mutton_wrap":2,"sophisticatedbackpacks:tool_swapper_upgrade":2,"minecraft:blast_furnace":1,"minecraft:dark_oak_trapdoor":2,"minecraft:bone_meal":18,"minecraft:flint_and_steel":1,"minecraft:iron_axe":2,"farmersdelight:cabbage_rolls":15,"minecraft:spruce_slab":24,"farmersdelight:straw":18,"minecraft:stone_pickaxe":1,"bakery:kitchen_sink":1,"minecraft:dark_oak_planks":116,"minecraft:wheat":108,"sophisticatedbackpacks:iron_backpack":1,"minecraft:cooked_beef":6,"farmersdelight:hamburger":2,"bakery:sandwich":11,"minecraft:dark_oak_stairs":20,"minecraft:iron_sword":1,"minecraft:bowl":4,"farmersdelight:spruce_cabinet":3,"minecraft:stone_axe":1,"minecraft:bread":21,"minecraft:air":0,"handcrafted:spruce_table":2,"decorative_blocks:rocky_dirt":6,"mcwfences:oak_horse_fence":18,"meadow:wooden_flower_pot_big":2,"minecraft:wooden_axe":4,"mcwfurnitures:spruce_counter":3,"minecraft:iron_shovel":2,"minecraft:iron_leggings":1,"minecraft:torch":128,"chipped:glassblower":1},"minecraft:custom":{"minecraft:animals_bred":5,"minecraft:interact_with_crafting_table":118,"minecraft:open_barrel":1,"minecraft:leave_game":2,"minecraft:time_since_death":561454,"minecraft:sprint_one_cm":849749,"minecraft:damage_blocked_by_shield":325,"minecraft:drop":103,"minecraft:talked_to_villager":47,"minecraft:play_time":561454,"minecraft:jump":4529,"minecraft:walk_on_water_one_cm":29632,"minecraft:interact_with_furnace":87,"minecraft:traded_with_villager":5,"minecraft:sleep_in_bed":21,"minecraft:damage_dealt":6729,"minecraft:crouch_one_cm":3587,"minecraft:interact_with_smoker":1,"minecraft:horse_one_cm":83681,"minecraft:interact_with_anvil":3,"minecraft:mob_kills":38,"minecraft:climb_one_cm":6931,"minecraft:walk_one_cm":1203032,"minecraft:sneak_time":5083,"minecraft:walk_under_water_one_cm":13657,"minecraft:interact_with_blast_furnace":2,"minecraft:total_world_time":561454,"minecraft:pot_flower":1,"minecraft:time_since_rest":25450,"minecraft:damage_taken":1165,"minecraft:swim_one_cm":23743,"minecraft:fly_one_cm":1647426,"minecraft:open_chest":274,"minecraft:fall_one_cm":103726},"minecraft:dropped":{"farmersdelight:hamburger":1,"minecraft:moss_block":4,"minecraft:oak_log":14,"minecraft:diamond":43,"farmersdelight:mutton_wrap":1,"bakery:sandwich":9,"minecraft:dirt":23,"minecraft:bone_meal":21,"minecraft:sand":26,"minecraft:dark_oak_planks":56,"minecraft:gravel":10,"minecraft:stone_axe":2,"minecraft:rotten_flesh":6,"minecraft:oak_planks":16,"supplementaries:flax_seeds":1,"supplementaries:ash":48,"minecraft:azalea":2,"minecraft:glass":5,"chipped:stacked_granite_bricks":1,"minecraft:egg":3,"minecraft:bread":4,"minecraft:iron_ingot":5,"meadow:saxifrage":2,"minecraft:wheat_seeds":1,"minecraft:oak_fence":1,"minecraft:golden_apple":6,"farmersdelight:cabbage_rolls":4,"minecraft:stick":24,"minecraft:cobweb":2,"bakery:strawberry_seeds":1,"minecraft:diorite":1,"minecraft:torch":22,"minecraft:potion":1,"minecraft:dandelion":2,"minecraft:moss_carpet":1,"minecraft:stone_sword":2,"sophisticatedbackpacks:backpack":1,"minecraft:oak_sign":2,"minecraft:shield":1,"minecraft:spruce_planks":2,"minecraft:diamond_pickaxe":1,"minecraft:oak_sapling":1,"minecraft:birch_sign":1,"minecraft:sandstone":56},"minecraft:used":{"meadow:fire_lily":1,"minecraft:iron_shovel":150,"meadow:table":2,"farmersdelight:cabbage_rolls":8,"farmersdelight:cabbage_seeds":27,"minecraft:bone_block":1,"farmersdelight:stove":2,"minecraft:chest":1,"minecraft:shield":11,"mcwfurnitures:spruce_counter":5,"minecraft:iron_sword":132,"decorative_blocks:spruce_support":19,"minecraft:carrot":57,"minecraft:allium":4,"minecraft:tuff":1,"minecraft:azure_bluet":1,"chipped:stacked_bricks_bricks":52,"beautify:lamp_candelabra":1,"minecraft:lava_bucket":1,"minecraft:bricks":2,"farmersdelight:rotten_tomato":1,"minecraft:dark_oak_slab":78,"mcwfences:oak_highley_gate":1,"farmersdelight:tomato_sauce":6,"meadow:eriophorum":5,"farmersdelight:cutting_board":4,"minecraft:hay_block":10,"minecraft:furnace":1,"minecraft:egg":15,"minecraft:potato":12,"farmersdelight:hamburger":1,"minecraft:dark_oak_stairs":26,"minecraft:diorite":1,"minecraft:stone_pickaxe":264,"chipped:screen_dark_oak_door":2,"minecraft:sandstone":9,"beautify:hanging_pot":4,"minecraft:sugar_cane":4,"minecraft:oak_leaves":13,"bakery:sandwich":6,"meadow:wooden_flower_pot_small":3,"minecraft:sand":3,"farmersdelight:chicken_sandwich":1,"minecraft:blast_furnace":1,"farmersdelight:cod_roll":1,"bakery:kitchen_sink":2,"minecraft:shears":121,"sophisticatedbackpacks:backpack":4,"chipped:vertical_cut_bricks":3,"minecraft:bread":4,"chipped:cracked_flat_calcite_tiles":48,"chipped:firewood_oak_log":18,"minecraft:gravel":6,"chipped:woven_dark_oak_trapdoor":7,"minecraft:diamond_sword":8,"farmersdelight:spruce_cabinet":3,"meadow:enzian":4,"chipped:carpenters_table":1,"minecraft:coarse_dirt":2,"minecraft:bone_meal":13,"minecraft:cobweb":15,"chipped:glass_dark_oak_door":4,"minecraft:oak_fence":5,"minecraft:rose_bush":1,"minecraft:stone_sword":42,"meadow:chair":3,"minecraft:stone_shovel":269,"minecraft:light_gray_carpet":1,"minecraft:spruce_planks":1,"meadow:pine_sapling":1,"handcrafted:calcite_corner_trim":2,"minecraft:torch":206,"minecraft:dirt":83,"handcrafted:spruce_dining_bench":6,"mcwfences:oak_horse_fence":18,"meadow:oil_lantern":4,"farmersdelight:rope":1,"chipped:flat_calcite_tiles":62,"handcrafted:spruce_table":2,"beautify:oak_trellis":27,"minecraft:iron_hoe":41,"minecraft:dark_oak_planks":1,"minecraft:wooden_axe":59,"chipped:stacked_granite_bricks":39,"farmersdelight:oak_cabinet":3,"chipped:glassblower":1,"minecraft:rooted_dirt":5,"minecraft:iron_axe":338,"meadow:wooden_flower_pot_big":5,"minecraft:smooth_sandstone":4,"minecraft:jungle_log":1,"meadow:delphinium":2,"minecraft:smooth_basalt":2,"bakery:strawberry_seeds":1,"farmersdelight:cooking_pot":2,"minecraft:cooked_beef":4,"farmersdelight:tomato_seeds":9,"minecraft:cobbled_deepslate":52,"meadow:highland_bed":2,"farmersdelight:fried_egg":1,"vinery:red_grape":2,"minecraft:calcite":2,"minecraft:wheat_seeds":3,"minecraft:cooked_mutton":1,"farmersdelight:mutton_wrap":1,"farmersdelight:iron_knife":1,"minecraft:water_bucket":1,"farmersdelight:skillet":4,"minecraft:cut_sandstone":14,"meadow:pine_planks":67,"farmersdelight:onion":4,"decorative_blocks:rocky_dirt":6,"minecraft:crafting_table":6,"chipped:mason_table":1,"bakery:strawberry":1,"minecraft:spruce_log":6,"farmersdelight:bacon_and_eggs":1,"minecraft:oak_log":2,"minecraft:diamond_pickaxe":130,"minecraft:apple":6,"meadow:inky_bed":2,"vinery:rotten_cherry":3,"minecraft:iron_pickaxe":251,"minecraft:stone_axe":200,"vinery:cherry":5,"farmersdelight:egg_sandwich":1,"minecraft:bucket":3,"meadow:pine_log":8,"vinery:red_grape_seeds":2,"meadow:saxifrage":5},"minecraft:killed":{"minecraft:cave_spider":2,"minecraft:witch":1,"minecraft:spider":5,"minecraft:skeleton":4,"minecraft:chicken":1,"minecraft:pig":1,"minecraft:zombie_villager":1,"minecraft:creeper":4,"minecraft:zombie":18,"minecraft:rabbit":1}},"DataVersion":3465}